No.,Food_ID,Nama Bahan Makanan,Fast_Food,Sumber,Tipe,Jenis_Olahan,Air (g),Energi (Kal),Protein (g),Lemak (g),Karbohidrat (g),Serat (g),Abu (g),Kalsium (Ca) (mg),Fosfor (P) (mg),Besi (Fe) (mg),Natrium (Na) (mg),Kalium (Ka) (mg),Tembaga (Cu) (mg),Seng (Zn) (mg),Retinol (vit. A) (mcg),Î²-karoten (mcg),Karoten total (mcg),Thiamin (vit. B1) (mg),Riboflavin (vit. B2) (mg),Niasin (mg),Vitamin C (mg),BDD (%),Mentah / Olahan,Kelompok Makanan,Sumber TKPI 2019,Fast_Food_New,Tipe_New,Jenis_Olahan_New,Mentah / Olahan_New,Kelompok Makanan_New,Fast_Food_New_0,Fast_Food_New_1,Tipe_New_0,Tipe_New_1,Jenis_Olahan_New_0,Jenis_Olahan_New_1,Jenis_Olahan_New_2,Jenis_Olahan_New_3,Jenis_Olahan_New_4,Jenis_Olahan_New_5,Jenis_Olahan_New_6,Jenis_Olahan_New_7,Jenis_Olahan_New_8,Jenis_Olahan_New_9,Jenis_Olahan_New_10,Mentah / Olahan_New_0,Mentah / Olahan_New_1,Kelompok Makanan_New_0,Kelompok Makanan_New_1,Kelompok Makanan_New_2,Kelompok Makanan_New_3,Kelompok Makanan_New_4,Kelompok Makanan_New_5,Kelompok Makanan_New_6,Kelompok Makanan_New_7,Kelompok Makanan_New_8, Daging Ayam, Daging Kambing, Daging Kerbau, Daging Sapi, Ikan, Kedelai, Sayur, Telur,Beras,Biji-bijian,Buah,Daging Ayam,Daging Babi,Daging Kambing,Daging Sapi,Ikan,Kedelai,Sayur,Susu,Telur Ayam,Tepung,Umbi-umbian
1,FNT001,Bakso,Ya,Daging Sapi,Makanan Berat,Rebus,70.0,202,12.41,13.16,7.58,0.5,0.0,0.0,0.0,0.0,478.0,213.0,0.0,0.0,0.0,0.0,0.0,0.0,0.0,0.0,0.0,100,Olahan,Daging,0,1,0,9,0,1,0.0,1.0,1.0,0.0,0.0,0.0,0.0,0.0,0.0,0.0,0.0,0.0,0.0,1.0,0.0,1.0,0.0,0.0,1.0,0.0,0.0,0.0,0.0,0.0,0.0,0.0,0,0,0,0,0,0,0,0,0,0,0,0,0,0,1,0,0,0,0,0,0,0
2,FNT002,Bubur Ayam,Ya,"Beras, Daging Ayam",Makanan Berat,Rebus,80.0,155,11.48,5.16,15.05,0.8,0.0,0.0,0.0,0.0,244.0,169.0,0.0,0.0,0.0,0.0,0.0,0.0,0.0,0.0,0.0,100,Olahan,Serealia,0,1,0,9,0,5,0.0,1.0,1.0,0.0,0.0,0.0,0.0,0.0,0.0,0.0,0.0,0.0,0.0,1.0,0.0,1.0,0.0,0.0,0.0,0.0,0.0,0.0,1.0,0.0,0.0,0.0,1,0,0,0,0,0,0,0,1,0,0,0,0,0,0,0,0,0,0,0,0,0
3,FNT003,Mi Goreng,Ya,Tepung,Makanan Berat,Rebus,0.0,475,10.0,15.0,65.0,2.5,0.0,0.0,0.0,0.0,850.0,0.0,0.0,0.0,0.0,0.0,0.0,0.0,0.0,0.0,0.0,100,Olahan,Serealia,0,1,0,9,0,5,0.0,1.0,1.0,0.0,0.0,0.0,0.0,0.0,0.0,0.0,0.0,0.0,0.0,1.0,0.0,1.0,0.0,0.0,0.0,0.0,0.0,0.0,1.0,0.0,0.0,0.0,0,0,0,0,0,0,0,0,0,0,0,0,0,0,0,0,0,0,0,0,1,0
4,FNT004,Sate,Tidak,"Daging Ayam, Daging Kambing",Makanan Berat,Bakar,0.0,225,19.54,14.82,4.87,1.9,0.0,0.0,0.0,0.0,355.0,315.0,0.0,0.0,0.0,0.0,0.0,0.0,0.0,0.0,0.0,100,Olahan,Daging,0,0,0,1,0,1,1.0,0.0,1.0,0.0,0.0,1.0,0.0,0.0,0.0,0.0,0.0,0.0,0.0,0.0,0.0,1.0,0.0,0.0,1.0,0.0,0.0,0.0,0.0,0.0,0.0,0.0,0,1,0,0,0,0,0,0,0,0,0,1,0,0,0,0,0,0,0,0,0,0
5,FNT005,Soto,Tidak,"Daging Ayam, Daging Sapi",Makanan Berat,Rebus,70.0,130,9.96,6.19,8.11,0.7,0.0,0.0,0.0,0.0,87.0,124.0,0.0,0.0,0.0,0.0,0.0,0.0,0.0,0.0,0.0,100,Olahan,Daging,0,0,0,9,0,1,1.0,0.0,1.0,0.0,0.0,0.0,0.0,0.0,0.0,0.0,0.0,0.0,0.0,1.0,0.0,1.0,0.0,0.0,1.0,0.0,0.0,0.0,0.0,0.0,0.0,0.0,0,0,0,1,0,0,0,0,0,0,0,1,0,0,0,0,0,0,0,0,0,0
6,FNT006,Sop buntut,Tidak,Daging Sapi,Makanan Berat,Rebus,86.1,71,7.5,3.6,2.2,0.0,0.6,286.0,38.0,3.2,490.0,0.0,0.0,0.0,119.0,0.0,2.9,0.14,0.0,0.0,0.0,100,Olahan,Daging,KZGMS01993,0,0,9,0,1,1.0,0.0,1.0,0.0,0.0,0.0,0.0,0.0,0.0,0.0,0.0,0.0,0.0,1.0,0.0,1.0,0.0,0.0,1.0,0.0,0.0,0.0,0.0,0.0,0.0,0.0,0,0,0,0,0,0,0,0,0,0,0,0,0,0,1,0,0,0,0,0,0,0
7,FNT007,Sop daging sapi,Tidak,Daging Sapi,Makanan Berat,Rebus,87.5,49,5.8,0.5,5.3,0.0,0.9,158.0,48.0,2.2,391.0,0.0,0.0,0.0,101.0,0.0,3.32,0.37,0.0,0.0,0.0,100,Olahan,Daging,KZGMS01993,0,0,9,0,1,1.0,0.0,1.0,0.0,0.0,0.0,0.0,0.0,0.0,0.0,0.0,0.0,0.0,1.0,0.0,1.0,0.0,0.0,1.0,0.0,0.0,0.0,0.0,0.0,0.0,0.0,0,0,0,0,0,0,0,0,0,0,0,0,0,0,1,0,0,0,0,0,0,0
8,FNT008,Sop kaki sapi,Tidak,Daging Sapi,Makanan Berat,Rebus,84.5,68,9.0,1.9,3.7,0.0,0.9,302.0,15.0,2.2,435.0,0.0,0.0,0.0,48.0,0.0,150.0,0.46,0.0,0.0,0.0,100,Olahan,Daging,KZGMS01993,0,0,9,0,1,1.0,0.0,1.0,0.0,0.0,0.0,0.0,0.0,0.0,0.0,0.0,0.0,0.0,1.0,0.0,1.0,0.0,0.0,1.0,0.0,0.0,0.0,0.0,0.0,0.0,0.0,0,0,0,0,0,0,0,0,0,0,0,0,0,0,1,0,0,0,0,0,0,0
9,FNT009,Sop kambing,Tidak,Daging Kambing,Makanan Berat,Rebus,91.6,34,5.5,0.8,1.1,0.0,1.0,145.0,37.0,1.6,348.0,0.0,0.0,0.0,48.0,0.0,80.0,0.57,0.0,0.0,0.0,100,Olahan,Daging,KZGMS01993,0,0,9,0,1,1.0,0.0,1.0,0.0,0.0,0.0,0.0,0.0,0.0,0.0,0.0,0.0,0.0,1.0,0.0,1.0,0.0,0.0,1.0,0.0,0.0,0.0,0.0,0.0,0.0,0.0,0,0,0,0,0,0,0,0,0,0,0,0,0,1,0,0,0,0,0,0,0,0
10,FNT010,Sop konro,Tidak,Daging Sapi,Makanan Berat,Rebus,85.0,71,7.4,2.6,4.5,0.0,0.5,17.0,60.0,4.6,184.0,25.0,0.3,1.3,0.0,0.0,0.0,0.12,0.02,10.9,0.0,100,Olahan,Daging,KZGMI02001,0,0,9,0,1,1.0,0.0,1.0,0.0,0.0,0.0,0.0,0.0,0.0,0.0,0.0,0.0,0.0,1.0,0.0,1.0,0.0,0.0,1.0,0.0,0.0,0.0,0.0,0.0,0.0,0.0,0,0,0,0,0,0,0,0,0,0,0,0,0,0,1,0,0,0,0,0,0,0
11,FNT011,Sop saudara,Tidak,Daging Sapi,Makanan Berat,Rebus,82.4,89,7.2,5.0,3.9,0.0,1.5,10.0,174.0,9.0,274.0,50.0,0.2,1.1,0.0,0.0,0.0,0.09,0.12,2.0,0.0,100,Olahan,Daging,KZGMI02001,0,0,9,0,1,1.0,0.0,1.0,0.0,0.0,0.0,0.0,0.0,0.0,0.0,0.0,0.0,0.0,1.0,0.0,1.0,0.0,0.0,1.0,0.0,0.0,0.0,0.0,0.0,0.0,0.0,0,0,0,0,0,0,0,0,0,0,0,0,0,0,1,0,0,0,0,0,0,0
12,FNT012,Soto bandung,Tidak,Daging Sapi,Makanan Berat,Rebus,89.9,42,3.9,1.7,2.8,0.4,1.8,74.0,75.0,1.8,0.0,0.0,0.0,0.0,6.0,20.0,0.1,0.0,0.0,0.0,0.0,100,Olahan,Daging,KZGPI01990,0,0,9,0,1,1.0,0.0,1.0,0.0,0.0,0.0,0.0,0.0,0.0,0.0,0.0,0.0,0.0,1.0,0.0,1.0,0.0,0.0,1.0,0.0,0.0,0.0,0.0,0.0,0.0,0.0,0,0,0,0,0,0,0,0,0,0,0,0,0,0,1,0,0,0,0,0,0,0
13,FNT013,Soto banjar,Tidak,Daging Ayam,Makanan Berat,Rebus,83.7,110,2.9,9.5,3.2,0.0,0.7,28.0,28.0,0.3,36.0,6.0,0.0,0.2,12.0,0.0,770.0,0.05,0.0,0.0,0.0,100,Olahan,Daging,KZGMI02001,0,0,9,0,1,1.0,0.0,1.0,0.0,0.0,0.0,0.0,0.0,0.0,0.0,0.0,0.0,0.0,1.0,0.0,1.0,0.0,0.0,1.0,0.0,0.0,0.0,0.0,0.0,0.0,0.0,0,0,0,0,0,0,0,0,0,0,0,1,0,0,0,0,0,0,0,0,0,0
14,FNT014,Soto betawi,Tidak,Daging Sapi,Makanan Berat,Rebus,75.9,135,2.5,8.8,11.5,0.5,1.3,222.0,72.0,1.9,0.0,0.0,0.0,0.0,6.0,0.0,336.0,0.04,0.0,0.0,0.0,100,Olahan,Daging,KZGPI01990,0,0,9,0,1,1.0,0.0,1.0,0.0,0.0,0.0,0.0,0.0,0.0,0.0,0.0,0.0,0.0,1.0,0.0,1.0,0.0,0.0,1.0,0.0,0.0,0.0,0.0,0.0,0.0,0.0,0,0,0,0,0,0,0,0,0,0,0,0,0,0,1,0,0,0,0,0,0,0
15,FNT015,Soto jeroan,Tidak,Daging Sapi,Makanan Berat,Rebus,81.4,92,11.8,4.3,1.4,0.0,1.1,218.0,48.0,1.9,363.0,0.0,0.0,0.0,85.0,0.0,440.0,0.36,0.0,0.0,0.0,100,Olahan,Daging,KZGMS01993,0,0,9,0,1,1.0,0.0,1.0,0.0,0.0,0.0,0.0,0.0,0.0,0.0,0.0,0.0,0.0,1.0,0.0,1.0,0.0,0.0,1.0,0.0,0.0,0.0,0.0,0.0,0.0,0.0,0,0,0,0,0,0,0,0,0,0,0,0,0,0,1,0,0,0,0,0,0,0
16,FNT016,Soto kudus,Tidak,"Daging Ayam, Daging Kerbau",Makanan Berat,Rebus,91.6,38,2.6,2.3,1.8,0.2,1.7,237.0,67.0,1.7,0.0,0.0,0.0,0.0,23.0,0.0,128.0,0.06,0.0,0.5,0.0,100,Olahan,Daging,KZGPI01990,0,0,9,0,1,1.0,0.0,1.0,0.0,0.0,0.0,0.0,0.0,0.0,0.0,0.0,0.0,0.0,1.0,0.0,1.0,0.0,0.0,1.0,0.0,0.0,0.0,0.0,0.0,0.0,0.0,0,0,1,0,0,0,0,0,0,0,0,1,0,0,0,0,0,0,0,0,0,0
17,FNT017,Soto madura,Tidak,Daging Sapi,Makanan Berat,Rebus,89.8,60,3.5,4.5,1.3,0.0,0.9,361.0,126.0,3.8,0.0,0.0,0.0,0.0,26.0,0.0,121.0,0.06,0.0,0.0,0.0,100,Olahan,Daging,KZGPI01990,0,0,9,0,1,1.0,0.0,1.0,0.0,0.0,0.0,0.0,0.0,0.0,0.0,0.0,0.0,0.0,1.0,0.0,1.0,0.0,0.0,1.0,0.0,0.0,0.0,0.0,0.0,0.0,0.0,0,0,0,0,0,0,0,0,0,0,0,0,0,0,1,0,0,0,0,0,0,0
18,FNT018,Soto padang,Tidak,Daging Sapi,Makanan Berat,Rebus,75.0,127,5.9,6.6,11.0,0.7,2.0,298.0,94.0,1.5,0.0,0.0,0.0,0.0,12.0,0.0,204.0,0.22,0.0,0.0,0.0,100,Olahan,Daging,KZGPI01990,0,0,9,0,1,1.0,0.0,1.0,0.0,0.0,0.0,0.0,0.0,0.0,0.0,0.0,0.0,0.0,1.0,0.0,1.0,0.0,0.0,1.0,0.0,0.0,0.0,0.0,0.0,0.0,0.0,0,0,0,0,0,0,0,0,0,0,0,0,0,0,1,0,0,0,0,0,0,0
19,FNT019,Soto pekalongan,Tidak,"Daging Sapi, Daging Kerbau, Kedelai",Makanan Berat,Rebus,83.8,94,3.0,6.8,5.1,0.3,1.3,322.0,79.0,2.0,0.0,0.0,0.0,0.0,14.0,0.0,119.0,0.29,0.0,0.0,0.0,100,Olahan,Daging,KZGPI01990,0,0,9,0,1,1.0,0.0,1.0,0.0,0.0,0.0,0.0,0.0,0.0,0.0,0.0,0.0,0.0,1.0,0.0,1.0,0.0,0.0,1.0,0.0,0.0,0.0,0.0,0.0,0.0,0.0,0,0,1,0,0,1,0,0,0,0,0,0,0,0,1,0,0,0,0,0,0,0
20,FNT020,Soto pemalang,Tidak,Daging Sapi,Makanan Berat,Rebus,86.0,75,3.6,5.2,3.5,0.0,1.7,170.0,80.0,2.1,0.0,0.0,0.0,0.0,16.0,0.0,30.0,0.13,0.0,0.0,0.0,100,Olahan,Daging,KZGPI01990,0,0,9,0,1,1.0,0.0,1.0,0.0,0.0,0.0,0.0,0.0,0.0,0.0,0.0,0.0,0.0,1.0,0.0,1.0,0.0,0.0,1.0,0.0,0.0,0.0,0.0,0.0,0.0,0.0,0,0,0,0,0,0,0,0,0,0,0,0,0,0,1,0,0,0,0,0,0,0
21,FNT021,Soto sukaraja,Tidak,Daging Sapi,Makanan Berat,Rebus,75.9,80,3.2,3.5,9.0,0.3,1.1,347.0,77.0,2.3,0.0,0.0,0.0,0.0,12.0,0.0,89.0,0.04,0.0,0.0,0.0,100,Olahan,Daging,KZGPI01990,0,0,9,0,1,1.0,0.0,1.0,0.0,0.0,0.0,0.0,0.0,0.0,0.0,0.0,0.0,0.0,1.0,0.0,1.0,0.0,0.0,1.0,0.0,0.0,0.0,0.0,0.0,0.0,0.0,0,0,0,0,0,0,0,0,0,0,0,0,0,0,1,0,0,0,0,0,0,0
22,FNT022,Soto sulung,Tidak,Daging Sapi,Makanan Berat,Rebus,88.1,86,2.3,8.5,0.0,0.0,1.1,200.0,120.0,2.9,0.0,0.0,0.0,0.0,20.0,0.0,105.0,0.08,0.0,0.0,0.0,100,Olahan,Daging,KZGPI01990,0,0,9,0,1,1.0,0.0,1.0,0.0,0.0,0.0,0.0,0.0,0.0,0.0,0.0,0.0,0.0,1.0,0.0,1.0,0.0,0.0,1.0,0.0,0.0,0.0,0.0,0.0,0.0,0.0,0,0,0,0,0,0,0,0,0,0,0,0,0,0,1,0,0,0,0,0,0,0
23,FNT023,Kembang tahu,Ya,Kedelai,Makanan Berat,Mentah,10.8,380,48.9,13.8,23.3,0.0,3.2,378.0,781.0,2.1,55.0,455.3,0.68,4.2,0.0,0.0,0.0,0.15,0.08,0.7,0.0,100,Olahan,Kacang,KZGPI01990,1,0,6,0,3,0.0,1.0,1.0,0.0,0.0,0.0,0.0,0.0,0.0,0.0,1.0,0.0,0.0,0.0,0.0,1.0,0.0,0.0,0.0,0.0,1.0,0.0,0.0,0.0,0.0,0.0,0,0,0,0,0,0,0,0,0,0,0,0,0,0,0,0,1,0,0,0,0,0
24,FNT024,Kembang tahu rebus,Ya,Kedelai,Makanan Berat,Rebus,79.8,90,10.7,4.0,4.7,0.0,0.8,85.0,0.0,0.0,0.0,0.0,0.0,0.0,0.0,0.0,0.0,0.0,0.0,0.0,0.0,100,Olahan,Kacang,KZGPI01990,1,0,9,0,3,0.0,1.0,1.0,0.0,0.0,0.0,0.0,0.0,0.0,0.0,0.0,0.0,0.0,1.0,0.0,1.0,0.0,0.0,0.0,0.0,1.0,0.0,0.0,0.0,0.0,0.0,0,0,0,0,0,0,0,0,0,0,0,0,0,0,0,0,1,0,0,0,0,0
25,FNT025,Keripik oncom,Ya,Kedelai,Makanan Ringan,Goreng,3.0,598,8.3,43.8,42.6,3.3,2.2,85.0,153.0,27.0,0.0,0.0,0.0,0.0,0.0,0.0,1.608,1.13,0.0,0.0,0.0,100,Olahan,Kacang,KZGPI01990,1,1,3,0,3,0.0,1.0,0.0,1.0,0.0,0.0,0.0,1.0,0.0,0.0,0.0,0.0,0.0,0.0,0.0,1.0,0.0,0.0,0.0,0.0,1.0,0.0,0.0,0.0,0.0,0.0,0,0,0,0,0,0,0,0,0,0,0,0,0,0,0,0,1,0,0,0,0,0
26,FNT026,Keripik tempe,Ya,Kedelai,Makanan Ringan,Goreng,3.3,581,12.1,40.6,41.7,2.2,2.3,237.0,116.0,6.9,0.0,0.0,0.0,0.0,0.0,0.0,320.0,0.35,0.0,0.0,0.0,100,Olahan,Kacang,KZGPI01990,1,1,3,0,3,0.0,1.0,0.0,1.0,0.0,0.0,0.0,1.0,0.0,0.0,0.0,0.0,0.0,0.0,0.0,1.0,0.0,0.0,0.0,0.0,1.0,0.0,0.0,0.0,0.0,0.0,0,0,0,0,0,0,0,0,0,0,0,0,0,0,0,0,1,0,0,0,0,0
27,FNT027,Kwaci,Ya,Biji-bijian,Makanan Ringan,Panggang,9.9,515,30.6,42.1,13.8,13.6,3.7,54.0,312.0,6.2,124.0,448.6,0.65,9.7,0.0,0.0,0.0,0.02,0.19,0.3,0.0,35,Olahan,Kacang,DABM01964,1,1,7,0,3,0.0,1.0,0.0,1.0,0.0,0.0,0.0,0.0,0.0,0.0,0.0,1.0,0.0,0.0,0.0,1.0,0.0,0.0,0.0,0.0,1.0,0.0,0.0,0.0,0.0,0.0,0,0,0,0,0,0,0,0,0,1,0,0,0,0,0,0,0,0,0,0,0,0
28,FNT028,Tauco,Tidak,Kedelai,Makanan Berat,Mentah,54.0,184,11.4,5.5,22.2,1.9,6.9,72.0,463.0,6.0,1.766,233.0,0.39,1.0,0.0,0.0,664.0,0.32,0.2,0.8,0.0,100,Olahan,Kacang,KZGPI01990,0,0,6,0,3,1.0,0.0,1.0,0.0,0.0,0.0,0.0,0.0,0.0,0.0,1.0,0.0,0.0,0.0,0.0,1.0,0.0,0.0,0.0,0.0,1.0,0.0,0.0,0.0,0.0,0.0,0,0,0,0,0,0,0,0,0,0,0,0,0,0,0,0,1,0,0,0,0,0
29,FNT029,Wingko babat,Tidak,Tepung,Makanan Ringan,Panggang,29.7,355,3.2,15.1,51.4,2.4,0.7,47.0,63.0,1.1,0.0,0.0,0.0,0.0,0.0,0.0,0.0,0.08,0.08,0.0,0.0,100,Olahan,Serealia,KZGPI01990,0,1,7,0,5,1.0,0.0,0.0,1.0,0.0,0.0,0.0,0.0,0.0,0.0,0.0,1.0,0.0,0.0,0.0,1.0,0.0,0.0,0.0,0.0,0.0,0.0,1.0,0.0,0.0,0.0,0,0,0,0,0,0,0,0,0,0,0,0,0,0,0,0,0,0,0,0,1,0
30,FNT030,Ledre pisang,Tidak,Buah,Makanan Ringan,Panggang,3.6,405,4.8,5.1,84.9,0.4,1.6,59.0,124.0,2.6,0.0,0.0,0.0,0.0,0.0,0.0,0.0,0.05,0.0,0.0,0.0,100,Olahan,Buah,KZGPI01990,0,1,7,0,0,1.0,0.0,0.0,1.0,0.0,0.0,0.0,0.0,0.0,0.0,0.0,1.0,0.0,0.0,0.0,1.0,0.0,1.0,0.0,0.0,0.0,0.0,0.0,0.0,0.0,0.0,0,0,0,0,0,0,0,0,0,0,1,0,0,0,0,0,0,0,0,0,0,0
31,FNT031,Lempog durian,Tidak,Buah,Makanan Ringan,Rebus,25.2,320,3.5,5.7,63.7,4.9,1.9,190.0,93.0,2.5,0.0,0.0,0.0,0.0,0.0,13.0,0.0,0.18,0.04,0.0,15.0,100,Olahan,Buah,KZGPI01990,0,1,9,0,0,1.0,0.0,0.0,1.0,0.0,0.0,0.0,0.0,0.0,0.0,0.0,0.0,0.0,1.0,0.0,1.0,0.0,1.0,0.0,0.0,0.0,0.0,0.0,0.0,0.0,0.0,0,0,0,0,0,0,0,0,0,0,1,0,0,0,0,0,0,0,0,0,0,0
32,FNT032,Loka anjoroi,Tidak,Buah,Makanan Berat,Rebus,63.3,163,1.1,4.3,30.0,0.0,1.3,0.0,0.0,0.0,0.0,0.0,0.0,0.0,0.0,0.0,0.0,0.0,0.0,0.0,3.0,100,Olahan,Buah,KZGMI02001,0,0,9,0,0,1.0,0.0,1.0,0.0,0.0,0.0,0.0,0.0,0.0,0.0,0.0,0.0,0.0,1.0,0.0,1.0,0.0,1.0,0.0,0.0,0.0,0.0,0.0,0.0,0.0,0.0,0,0,0,0,0,0,0,0,0,0,1,0,0,0,0,0,0,0,0,0,0,0
33,FNT033,Alpukat,Ya,Buah,Makanan Ringan,Mentah,84.3,85,0.9,6.5,7.7,0.0,0.6,10.0,20.0,0.9,2.0,278.0,0.2,0.4,0.0,189.0,180.0,0.05,0.08,1.0,13.0,61,Tunggal,Buah,DABM01964,1,1,6,1,0,0.0,1.0,0.0,1.0,0.0,0.0,0.0,0.0,0.0,0.0,1.0,0.0,0.0,0.0,0.0,0.0,1.0,1.0,0.0,0.0,0.0,0.0,0.0,0.0,0.0,0.0,0,0,0,0,0,0,0,0,0,0,1,0,0,0,0,0,0,0,0,0,0,0
34,FNT034,Rujak aceh,Tidak,Buah,Makanan Berat,Rebus,78.7,82,0.4,0.3,19.7,2.4,0.9,0.0,0.0,0.0,0.0,0.0,0.0,0.0,0.0,0.0,272.0,0.1,0.0,0.0,0.0,100,Olahan,Buah,KZGMI02001,0,0,9,0,0,1.0,0.0,1.0,0.0,0.0,0.0,0.0,0.0,0.0,0.0,0.0,0.0,0.0,1.0,0.0,1.0,0.0,1.0,0.0,0.0,0.0,0.0,0.0,0.0,0.0,0.0,0,0,0,0,0,0,0,0,0,0,1,0,0,0,0,0,0,0,0,0,0,0
35,FNT035,Sale kesemek,Tidak,Buah,Makanan Ringan,Panggang,25.0,296,1.1,0.6,71.4,0.0,1.8,0.0,0.0,0.0,0.0,0.0,0.0,0.0,0.0,0.0,0.0,0.0,0.0,0.0,0.0,100,Olahan,Buah,KZGMI02001,0,1,7,0,0,1.0,0.0,0.0,1.0,0.0,0.0,0.0,0.0,0.0,0.0,0.0,1.0,0.0,0.0,0.0,1.0,0.0,1.0,0.0,0.0,0.0,0.0,0.0,0.0,0.0,0.0,0,0,0,0,0,0,0,0,0,0,1,0,0,0,0,0,0,0,0,0,0,0
36,FNT036,Sale pisang siam,Tidak,Buah,Makanan Ringan,Panggang,28.9,281,2.4,0.7,66.1,1.0,2.0,41.0,64.0,1.2,0.0,0.0,0.0,0.0,0.0,0.0,0.0,0.0,0.0,0.0,0.0,100,Olahan,Buah,KZGPI01990,0,1,7,0,0,1.0,0.0,0.0,1.0,0.0,0.0,0.0,0.0,0.0,0.0,0.0,1.0,0.0,0.0,0.0,1.0,0.0,1.0,0.0,0.0,0.0,0.0,0.0,0.0,0.0,0.0,0,0,0,0,0,0,0,0,0,0,1,0,0,0,0,0,0,0,0,0,0,0
37,FNT037,Anggur hutan,Ya,Buah,Makanan Ringan,Mentah,92.3,30,0.5,0.2,6.8,1.2,0.2,39.0,12.0,1.1,0.0,0.0,0.0,0.0,0.0,0.0,1.0,0.01,0.0,0.0,3.0,100,Tunggal,Buah,KZGPI01990,1,1,6,1,0,0.0,1.0,0.0,1.0,0.0,0.0,0.0,0.0,0.0,0.0,1.0,0.0,0.0,0.0,0.0,0.0,1.0,1.0,0.0,0.0,0.0,0.0,0.0,0.0,0.0,0.0,0,0,0,0,0,0,0,0,0,0,1,0,0,0,0,0,0,0,0,0,0,0
38,FNT038,Sanggara belanda,Tidak,Buah,Makanan Ringan,Goreng,47.1,242,6.4,7.1,38.2,0.0,1.2,0.0,0.0,0.0,0.0,0.0,0.0,0.0,0.0,0.0,0.0,0.0,0.0,0.0,0.0,100,Olahan,Buah,KZGMI02001,0,1,3,0,0,1.0,0.0,0.0,1.0,0.0,0.0,0.0,1.0,0.0,0.0,0.0,0.0,0.0,0.0,0.0,1.0,0.0,1.0,0.0,0.0,0.0,0.0,0.0,0.0,0.0,0.0,0,0,0,0,0,0,0,0,0,0,1,0,0,0,0,0,0,0,0,0,0,0
39,FNT039,Ketoprak,Tidak,Beras,Makanan Berat,Rebus,69.1,153,7.9,7.7,13.0,2.9,2.6,153.0,134.0,3.4,0.0,0.0,0.0,0.0,3.0,0.0,435.0,0.05,0.0,0.0,0.0,100,Olahan,Serealia,KZGPI01990,0,0,9,0,5,1.0,0.0,1.0,0.0,0.0,0.0,0.0,0.0,0.0,0.0,0.0,0.0,0.0,1.0,0.0,1.0,0.0,0.0,0.0,0.0,0.0,0.0,1.0,0.0,0.0,0.0,0,0,0,0,0,0,0,0,1,0,0,0,0,0,0,0,0,0,0,0,0,0
40,FNT040,Ketupat kandangan,Tidak,"Beras, Ikan",Makanan Berat,Rebus,78.5,109,2.2,5.2,13.4,0.0,0.7,0.0,0.0,0.0,0.0,0.0,0.0,0.0,0.0,0.0,0.0,0.0,0.0,0.0,0.0,100,Olahan,Serealia,KZGMI02001,0,0,9,0,5,1.0,0.0,1.0,0.0,0.0,0.0,0.0,0.0,0.0,0.0,0.0,0.0,0.0,1.0,0.0,1.0,0.0,0.0,0.0,0.0,0.0,0.0,1.0,0.0,0.0,0.0,0,0,0,0,1,0,0,0,1,0,0,0,0,0,0,0,0,0,0,0,0,0
41,FNT041,Kue ali,Tidak,Tepung,Makanan Ringan,Goreng,12.8,440,3.8,18.5,64.5,0.3,0.4,27.0,47.0,2.5,0.0,0.0,0.0,0.0,0.0,0.0,0.0,0.13,0.09,0.0,0.0,100,Olahan,Serealia,KZGMI02001,0,1,3,0,5,1.0,0.0,0.0,1.0,0.0,0.0,0.0,1.0,0.0,0.0,0.0,0.0,0.0,0.0,0.0,1.0,0.0,0.0,0.0,0.0,0.0,0.0,1.0,0.0,0.0,0.0,0,0,0,0,0,0,0,0,0,0,0,0,0,0,0,0,0,0,0,0,1,0
42,FNT042,Lapis legit,Tidak,Tepung,Makanan Ringan,Kukus,21.3,389,6.6,15.7,55.5,0.5,0.9,16.0,136.0,1.9,0.0,0.0,0.0,0.0,41.0,0.0,1.032,0.26,0.09,3.0,0.0,100,Olahan,Serealia,KZGPI01990,0,1,5,0,5,1.0,0.0,0.0,1.0,0.0,0.0,0.0,0.0,0.0,1.0,0.0,0.0,0.0,0.0,0.0,1.0,0.0,0.0,0.0,0.0,0.0,0.0,1.0,0.0,0.0,0.0,0,0,0,0,0,0,0,0,0,0,0,0,0,0,0,0,0,0,0,0,1,0
43,FNT043,Kue gelang,Tidak,Tepung,Makanan Ringan,Goreng,7.1,448,5.8,16.1,70.0,0.0,1.0,0.0,0.0,0.0,0.0,0.0,0.0,0.0,0.0,0.0,0.0,0.0,0.0,0.0,0.0,100,Olahan,Serealia,KZGMI02001,0,1,3,0,5,1.0,0.0,0.0,1.0,0.0,0.0,0.0,1.0,0.0,0.0,0.0,0.0,0.0,0.0,0.0,1.0,0.0,0.0,0.0,0.0,0.0,0.0,1.0,0.0,0.0,0.0,0,0,0,0,0,0,0,0,0,0,0,0,0,0,0,0,0,0,0,0,1,0
44,FNT044,Kue Jahe,Tidak,Tepung,Makanan Ringan,Panggang,3.7,425,1.6,8.8,84.6,1.2,1.3,155.0,61.0,4.0,0.0,0.0,0.0,0.0,0.0,0.0,0.0,0.2,0.0,0.0,0.0,100,Olahan,Serealia,KZGPI01990,0,1,7,0,5,1.0,0.0,0.0,1.0,0.0,0.0,0.0,0.0,0.0,0.0,0.0,1.0,0.0,0.0,0.0,1.0,0.0,0.0,0.0,0.0,0.0,0.0,1.0,0.0,0.0,0.0,0,0,0,0,0,0,0,0,0,0,0,0,0,0,0,0,0,0,0,0,1,0
45,FNT045,Kue Kelapa,Tidak,Buah,Makanan Ringan,Panggang,3.3,591,5.6,42.1,47.5,0.0,1.5,32.0,180.0,1.6,33.0,443.0,0.5,1.1,0.0,0.0,0.0,0.0,0.0,0.0,0.0,100,Olahan,Serealia,KZGMI02001,0,1,7,0,5,1.0,0.0,0.0,1.0,0.0,0.0,0.0,0.0,0.0,0.0,0.0,1.0,0.0,0.0,0.0,1.0,0.0,0.0,0.0,0.0,0.0,0.0,1.0,0.0,0.0,0.0,0,0,0,0,0,0,0,0,0,0,1,0,0,0,0,0,0,0,0,0,0,0
46,FNT046,Wortel Rebus,Ya,Sayur,Makanan Ringan,Rebus,92.1,28,0.7,0.5,6.3,0.8,0.4,46.0,28.0,0.6,41.0,117.3,0.1,0.2,0.0,3.824,5.396,0.01,0.03,0.7,12.0,100,Olahan,Sayur,KZGPI01990,1,1,9,0,4,0.0,1.0,0.0,1.0,0.0,0.0,0.0,0.0,0.0,0.0,0.0,0.0,0.0,1.0,0.0,1.0,0.0,0.0,0.0,0.0,0.0,1.0,0.0,0.0,0.0,0.0,0,0,0,0,0,0,0,0,0,0,0,0,0,0,0,0,0,1,0,0,0,0
47,FNT047,Wortel Kukus,Ya,Sayur,Makanan Ringan,Kukus,89.5,37,1.0,0.6,8.3,1.1,0.6,44.0,30.0,0.6,43.0,122.5,0.11,0.3,0.0,3.994,7.15,0.02,0.03,0.8,14.0,100,Olahan,Sayur,KZGPI01990,1,1,5,0,4,0.0,1.0,0.0,1.0,0.0,0.0,0.0,0.0,0.0,1.0,0.0,0.0,0.0,0.0,0.0,1.0,0.0,0.0,0.0,0.0,0.0,1.0,0.0,0.0,0.0,0.0,0,0,0,0,0,0,0,0,0,0,0,0,0,0,0,0,0,1,0,0,0,0
48,FNT048,Asinan Bogor,Tidak,Sayur,Makanan Ringan,Mentah,78.0,98,3.9,2.6,14.8,0.5,0.7,314.0,17.0,1.2,483.0,0.0,0.0,0.0,10.0,0.0,146.0,0.28,0.0,0.0,5.0,100,Olahan,Sayur,KZGMS01993,0,1,6,0,4,1.0,0.0,0.0,1.0,0.0,0.0,0.0,0.0,0.0,0.0,1.0,0.0,0.0,0.0,0.0,1.0,0.0,0.0,0.0,0.0,0.0,1.0,0.0,0.0,0.0,0.0,0,0,0,0,0,0,0,0,0,0,0,0,0,0,0,0,0,1,0,0,0,0
49,FNT049,Sayur Anyang,Tidak,Sayur,Makanan Berat,Rebus,76.9,126,3.4,7.9,10.3,5.4,1.5,180.0,1.0,2.9,290.0,181.0,0.3,1.2,0.0,3.263,0.0,0.2,0.0,0.0,0.0,100,Olahan,Sayur,KZGMI02001,0,0,9,0,4,1.0,0.0,1.0,0.0,0.0,0.0,0.0,0.0,0.0,0.0,0.0,0.0,0.0,1.0,0.0,1.0,0.0,0.0,0.0,0.0,0.0,1.0,0.0,0.0,0.0,0.0,0,0,0,0,0,0,0,0,0,0,0,0,0,0,0,0,0,1,0,0,0,0
50,FNT050,Sayu Ares,Tidak,Sayur,Makanan Berat,Rebus,77.7,113,0.9,7.2,11.2,4.7,3.0,63.0,5.0,1.5,1.413,1030.0,0.7,3.8,0.0,6.0,0.0,0.1,0.0,0.5,0.0,100,Olahan,Sayur,KZGMI02001,0,0,9,0,4,1.0,0.0,1.0,0.0,0.0,0.0,0.0,0.0,0.0,0.0,0.0,0.0,0.0,1.0,0.0,1.0,0.0,0.0,0.0,0.0,0.0,1.0,0.0,0.0,0.0,0.0,0,0,0,0,0,0,0,0,0,0,0,0,0,0,0,0,0,1,0,0,0,0
51,FNT051,Rawon,Tidak,Daging Sapi,Makanan Berat,Rebus,86.0,60,5.4,2.5,4.0,0.3,1.7,272.0,153.0,3.3,0.0,0.0,0.0,0.0,11.0,0.0,1.235,0.09,0.0,0.0,0.0,100,Olahan,Daging,KZGPI01990,0,0,9,0,1,1.0,0.0,1.0,0.0,0.0,0.0,0.0,0.0,0.0,0.0,0.0,0.0,0.0,1.0,0.0,1.0,0.0,0.0,1.0,0.0,0.0,0.0,0.0,0.0,0.0,0.0,0,0,0,0,0,0,0,0,0,0,0,0,0,0,1,0,0,0,0,0,0,0
52,FNT052,Rendang sapi,Tidak,Daging Sapi,Makanan Berat,Gulai,57.9,193,22.6,7.9,7.8,0.0,3.8,474.0,211.0,14.9,0.0,0.0,0.0,0.0,21.0,0.0,534.0,0.12,0.0,0.0,0.0,100,Olahan,Daging,KZGPI01990,0,0,4,0,1,1.0,0.0,1.0,0.0,0.0,0.0,0.0,0.0,1.0,0.0,0.0,0.0,0.0,0.0,0.0,1.0,0.0,0.0,1.0,0.0,0.0,0.0,0.0,0.0,0.0,0.0,0,0,0,0,0,0,0,0,0,0,0,0,0,0,1,0,0,0,0,0,0,0
53,FNT053,Ayam goreng kalasan,Tidak,Daging Ayam,Makanan Berat,Goreng,46.2,275,37.4,12.2,1.3,0.0,2.9,116.0,237.0,5.8,176.0,321.9,0.16,1.5,10.0,0.0,50.0,0.1,0.0,0.0,0.0,100,Olahan,Daging,KZGPI01990,0,0,3,0,1,1.0,0.0,1.0,0.0,0.0,0.0,0.0,1.0,0.0,0.0,0.0,0.0,0.0,0.0,0.0,1.0,0.0,0.0,1.0,0.0,0.0,0.0,0.0,0.0,0.0,0.0,0,0,0,0,0,0,0,0,0,0,0,1,0,0,0,0,0,0,0,0,0,0
54,FNT054,Babi hutan masak rica,Tidak,Daging Babi,Makanan Berat,Goreng,56.2,491,24.6,16.3,0.2,0.0,2.7,18.0,144.0,1.2,1.415,327.0,0.2,2.6,2.193,0.0,0.0,0.61,0.47,0.0,0.2,100,Olahan,Daging,KZGMI02001,0,0,3,0,1,1.0,0.0,1.0,0.0,0.0,0.0,0.0,1.0,0.0,0.0,0.0,0.0,0.0,0.0,0.0,1.0,0.0,0.0,1.0,0.0,0.0,0.0,0.0,0.0,0.0,0.0,0,0,0,0,0,0,0,0,0,0,0,0,1,0,0,0,0,0,0,0,0,0
55,FNT055,Beef burger,Ya,"Daging Sapi, Daging Ayam",Makanan Berat,Panggang,45.5,258,10.6,9.5,32.5,0.4,2.2,210.0,157.0,2.6,572.0,189.1,0.0,0.0,218.0,0.0,7.58,0.95,0.0,0.0,0.0,100,Olahan,Daging,KZGMS01993,1,0,7,0,1,0.0,1.0,1.0,0.0,0.0,0.0,0.0,0.0,0.0,0.0,0.0,1.0,0.0,0.0,0.0,1.0,0.0,0.0,1.0,0.0,0.0,0.0,0.0,0.0,0.0,0.0,1,0,0,0,0,0,0,0,0,0,0,0,0,0,1,0,0,0,0,0,0,0
56,FNT056,Beef teriyaki,Ya,"Daging Sapi, Daging Ayam",Makanan Berat,Panggang,65.1,151,8.6,3.1,22.3,0.3,0.9,142.0,62.0,2.3,377.0,0.0,0.0,0.0,22.0,0.0,400.0,0.53,0.0,0.0,0.0,100,Olahan,Daging,KZGMS01993,1,0,7,0,1,0.0,1.0,1.0,0.0,0.0,0.0,0.0,0.0,0.0,0.0,0.0,1.0,0.0,0.0,0.0,1.0,0.0,0.0,1.0,0.0,0.0,0.0,0.0,0.0,0.0,0.0,1,0,0,0,0,0,0,0,0,0,0,0,0,0,1,0,0,0,0,0,0,0
57,FNT057,Beef yakiniku,Ya,"Daging Sapi, Daging Ayam",Makanan Berat,Panggang,67.7,132,9.8,1.1,20.7,0.3,0.8,302.0,67.0,2.0,409.0,0.0,0.0,0.0,78.0,0.0,700.0,0.62,0.0,0.0,0.0,100,Olahan,Daging,KZGMS01993,1,0,7,0,1,0.0,1.0,1.0,0.0,0.0,0.0,0.0,0.0,0.0,0.0,0.0,1.0,0.0,0.0,0.0,1.0,0.0,0.0,1.0,0.0,0.0,0.0,0.0,0.0,0.0,0.0,1,0,0,0,0,0,0,0,0,0,0,0,0,0,1,0,0,0,0,0,0,0
58,FNT058,Sapi abon,Tidak,Daging Sapi,Makanan Berat,Goreng,7.1,212,18.0,10.6,59.3,7.5,4.7,150.0,209.0,12.3,0.0,0.0,0.0,0.0,0.0,240.0,138.0,0.17,0.0,0.0,0.0,100,Olahan,Daging,KZGPI01990,0,0,3,0,1,1.0,0.0,1.0,0.0,0.0,0.0,0.0,1.0,0.0,0.0,0.0,0.0,0.0,0.0,0.0,1.0,0.0,0.0,1.0,0.0,0.0,0.0,0.0,0.0,0.0,0.0,0,0,0,0,0,0,0,0,0,0,0,0,0,0,1,0,0,0,0,0,0,0
59,FNT059,"Sapi, abon, asli",Tidak,Daging Sapi,Makanan Berat,Goreng,24.8,358,14.6,16.1,38.6,2.5,5.8,165.0,136.0,14.6,0.0,0.0,0.0,0.0,3.0,194.0,144.0,0.13,0.0,0.0,0.0,100,Olahan,Daging,KZGPI01990,0,0,3,0,1,1.0,0.0,1.0,0.0,0.0,0.0,0.0,1.0,0.0,0.0,0.0,0.0,0.0,0.0,0.0,1.0,0.0,0.0,1.0,0.0,0.0,0.0,0.0,0.0,0.0,0.0,0,0,0,0,0,0,0,0,0,0,0,0,0,0,1,0,0,0,0,0,0,0
60,FNT060,Daging sapi asap,Tidak,Daging Sapi,Makanan Berat,Asap,60.0,182,32.0,6.0,0.0,0.0,2.0,15.0,300.0,5.0,1.62,485.4,0.03,5.1,6.0,0.0,0.0,0.12,0.23,5.9,0.0,100,Olahan,Daging,DABM01964,0,0,0,0,1,1.0,0.0,1.0,0.0,1.0,0.0,0.0,0.0,0.0,0.0,0.0,0.0,0.0,0.0,0.0,1.0,0.0,0.0,1.0,0.0,0.0,0.0,0.0,0.0,0.0,0.0,0,0,0,0,0,0,0,0,0,0,0,0,0,0,1,0,0,0,0,0,0,0
61,FNT061,Dendeng sapi mentah,Tidak,Daging Sapi,Makanan Berat,Mentah,25.0,301,55.0,9.0,0.0,0.0,11.0,30.0,370.0,5.1,0.0,0.0,0.0,0.0,0.0,0.0,0.0,0.1,0.0,0.0,0.0,100,Olahan,Daging,DABM01964,0,0,6,0,1,1.0,0.0,1.0,0.0,0.0,0.0,0.0,0.0,0.0,0.0,1.0,0.0,0.0,0.0,0.0,1.0,0.0,0.0,1.0,0.0,0.0,0.0,0.0,0.0,0.0,0.0,0,0,0,0,0,0,0,0,0,0,0,0,0,0,1,0,0,0,0,0,0,0
62,FNT062,Daging sapi kornet,Ya,Daging Sapi,Makanan Berat,Rebus,53.0,289,16.0,25.0,0.0,0.0,6.0,10.0,170.0,4.0,794.0,94.4,0.07,4.0,0.0,52.0,0.0,0.01,0.16,2.7,0.0,100,Olahan,Daging,DABM01964,1,0,9,0,1,0.0,1.0,1.0,0.0,0.0,0.0,0.0,0.0,0.0,0.0,0.0,0.0,0.0,1.0,0.0,1.0,0.0,0.0,1.0,0.0,0.0,0.0,0.0,0.0,0.0,0.0,0,0,0,0,0,0,0,0,0,0,0,0,0,0,1,0,0,0,0,0,0,0
63,FNT063,Sosis sapi,Ya,Daging Sapi,Makanan Berat,Rebus,37.6,448,14.5,42.3,2.3,0.0,3.3,28.0,61.0,1.1,765.0,284.5,0.06,1.7,0.0,0.0,0.0,0.1,0.18,4.9,0.0,100,Olahan,Daging,DABM01964,1,0,9,0,1,0.0,1.0,1.0,0.0,0.0,0.0,0.0,0.0,0.0,0.0,0.0,0.0,0.0,1.0,0.0,1.0,0.0,0.0,1.0,0.0,0.0,0.0,0.0,0.0,0.0,0.0,0,0,0,0,0,0,0,0,0,0,0,0,0,0,1,0,0,0,0,0,0,0
64,FNT064,Sosis hati sapi,Ya,Daging Sapi,Makanan Berat,Rebus,56.6,274,16.0,22.0,3.0,2.3,2.4,20.0,150.0,4.0,654.0,158.8,0.22,2.2,1.201,0.0,0.0,0.2,0.96,4.0,0.0,100,Olahan,Daging,DABM01964,1,0,9,0,1,0.0,1.0,1.0,0.0,0.0,0.0,0.0,0.0,0.0,0.0,0.0,0.0,0.0,1.0,0.0,1.0,0.0,0.0,1.0,0.0,0.0,0.0,0.0,0.0,0.0,0.0,0,0,0,0,0,0,0,0,0,0,0,0,0,0,1,0,0,0,0,0,0,0
65,FNT065,Ampela ayam goreng,Ya,Daging Ayam,Makanan Berat,Goreng,4.8,270,32.3,11.2,9.9,0.0,1.8,129.0,314.0,4.9,980.0,0.0,0.12,3.3,56.0,0.0,0.0,0.21,0.0,4.7,0.0,100,Olahan,Daging,KZGMS01993,1,0,3,0,1,0.0,1.0,1.0,0.0,0.0,0.0,0.0,1.0,0.0,0.0,0.0,0.0,0.0,0.0,0.0,1.0,0.0,0.0,1.0,0.0,0.0,0.0,0.0,0.0,0.0,0.0,0,0,0,0,0,0,0,0,0,0,0,1,0,0,0,0,0,0,0,0,0,0
66,FNT066,Usus ayam goreng,Ya,Daging Ayam,Makanan Berat,Goreng,4.6,473,45.2,26.3,13.9,0.0,10.1,1.407,458.0,8.4,0.0,0.0,0.0,0.0,6.0,0.0,224.0,0.57,0.0,0.0,0.0,100,Olahan,Daging,KZGPI01990,1,0,3,0,1,0.0,1.0,1.0,0.0,0.0,0.0,0.0,1.0,0.0,0.0,0.0,0.0,0.0,0.0,0.0,1.0,0.0,0.0,1.0,0.0,0.0,0.0,0.0,0.0,0.0,0.0,0,0,0,0,0,0,0,0,0,0,0,1,0,0,0,0,0,0,0,0,0,0
67,FNT067,Belut goreng,Tidak,Ikan,Makanan Berat,Goreng,11.2,417,25.9,19.4,32.0,0.0,11.5,840.0,872.0,4.9,71.0,217.7,0.3,1.8,0.0,0.0,0.0,0.0,0.2,10.5,0.0,100,Olahan,Ikan dsb,KZGPI01990,0,0,3,0,2,1.0,0.0,1.0,0.0,0.0,0.0,0.0,1.0,0.0,0.0,0.0,0.0,0.0,0.0,0.0,1.0,0.0,0.0,0.0,1.0,0.0,0.0,0.0,0.0,0.0,0.0,0,0,0,0,0,0,0,0,0,0,0,0,0,0,0,1,0,0,0,0,0,0
68,FNT068,Cumi-cumi goreng,Tidak,Ikan,Makanan Berat,Goreng,54.2,265,40.6,10.1,0.0,0.0,3.1,62.0,270.0,2.7,86.0,81.9,0.0,0.0,0.0,56.0,0.0,0.09,0.0,6.3,0.0,100,Olahan,Ikan dsb,KZGPI01990,0,0,3,0,2,1.0,0.0,1.0,0.0,0.0,0.0,0.0,1.0,0.0,0.0,0.0,0.0,0.0,0.0,0.0,1.0,0.0,0.0,0.0,1.0,0.0,0.0,0.0,0.0,0.0,0.0,0,0,0,0,0,0,0,0,0,0,0,0,0,0,0,1,0,0,0,0,0,0
69,FNT069,Ikan asin kering,Tidak,Ikan,Makanan Berat,Mentah,40.0,193,42.0,1.5,0.0,0.0,16.5,200.0,300.0,2.5,0.0,0.0,0.0,0.0,0.0,0.0,0.0,0.01,0.0,0.0,0.0,70,Olahan,Ikan dsb,DABM01964,0,0,6,0,2,1.0,0.0,1.0,0.0,0.0,0.0,0.0,0.0,0.0,0.0,1.0,0.0,0.0,0.0,0.0,1.0,0.0,0.0,0.0,1.0,0.0,0.0,0.0,0.0,0.0,0.0,0,0,0,0,0,0,0,0,0,0,0,0,0,0,0,1,0,0,0,0,0,0
70,FNT070,Ikan bandeng presto,Tidak,Ikan,Makanan Berat,Presto,45.3,296,17.1,20.3,11.3,0.0,6.0,1.422,659.0,1.9,0.0,0.0,0.0,0.0,6.0,0.0,400.0,0.14,0.0,0.0,69.0,100,Olahan,Ikan dsb,KZGPI01990,0,0,8,0,2,1.0,0.0,1.0,0.0,0.0,0.0,0.0,0.0,0.0,0.0,0.0,0.0,1.0,0.0,0.0,1.0,0.0,0.0,0.0,1.0,0.0,0.0,0.0,0.0,0.0,0.0,0,0,0,0,0,0,0,0,0,0,0,0,0,0,0,1,0,0,0,0,0,0
71,FNT071,Ikan Mas pepes,Tidak,Ikan,Makanan Berat,Kukus,57.5,209,15.2,11.3,11.8,0.5,4.3,686.0,530.0,6.1,74.0,276.7,0.1,1.9,3.0,0.0,315.0,0.13,0.1,2.4,0.0,100,Olahan,Ikan dsb,KZGPI01990,0,0,5,0,2,1.0,0.0,1.0,0.0,0.0,0.0,0.0,0.0,0.0,1.0,0.0,0.0,0.0,0.0,0.0,1.0,0.0,0.0,0.0,1.0,0.0,0.0,0.0,0.0,0.0,0.0,0,0,0,0,0,0,0,0,0,0,0,0,0,0,0,1,0,0,0,0,0,0
72,FNT072,Ikan mujahir goreng,Tidak,Ikan,Makanan Berat,Goreng,44.7,416,46.9,23.9,0.0,0.0,2.2,346.0,654.0,0.9,54.0,278.9,0.0,0.2,12.0,3.0,8.0,0.12,0.1,2.2,0.0,100,Olahan,Ikan dsb,KZGPI01990,0,0,3,0,2,1.0,0.0,1.0,0.0,0.0,0.0,0.0,1.0,0.0,0.0,0.0,0.0,0.0,0.0,0.0,1.0,0.0,0.0,0.0,1.0,0.0,0.0,0.0,0.0,0.0,0.0,0,0,0,0,0,0,0,0,0,0,0,0,0,0,0,1,0,0,0,0,0,0
73,FNT073,Ikan Mujahir pepes,Tidak,Ikan,Makanan Berat,Kukus,73.7,121,21.7,2.8,0.8,0.0,1.0,83.0,248.0,1.6,58.0,265.8,0.0,0.3,8.0,0.0,6.0,0.0,0.1,1.9,0.0,100,Olahan,Ikan dsb,KZGPI01990,0,0,5,0,2,1.0,0.0,1.0,0.0,0.0,0.0,0.0,0.0,0.0,1.0,0.0,0.0,0.0,0.0,0.0,1.0,0.0,0.0,0.0,1.0,0.0,0.0,0.0,0.0,0.0,0.0,0,0,0,0,0,0,0,0,0,0,0,0,0,0,0,1,0,0,0,0,0,0
74,FNT074,Ikan Patin bakar,Tidak,Ikan,Makanan Berat,Bakar,70.3,144,17.5,6.3,4.3,0.0,1.6,191.0,232.0,1.4,379.0,230.0,0.1,0.7,0.0,0.0,0.0,0.0,0.0,0.0,0.0,100,Olahan,Ikan dsb,KZGMI02001,0,0,1,0,2,1.0,0.0,1.0,0.0,0.0,1.0,0.0,0.0,0.0,0.0,0.0,0.0,0.0,0.0,0.0,1.0,0.0,0.0,0.0,1.0,0.0,0.0,0.0,0.0,0.0,0.0,0,0,0,0,0,0,0,0,0,0,0,0,0,0,0,1,0,0,0,0,0,0
75,FNT075,Pempek telur,Ya,"Ikan, Telur",Makanan Berat,Goreng,62.4,156,4.7,2.7,28.3,0.0,1.9,13.0,83.0,1.3,448.0,48.0,0.1,0.6,0.0,0.0,0.0,0.2,0.05,1.1,0.0,100,Olahan,Ikan dsb,KZGMI02001,1,0,3,0,2,0.0,1.0,1.0,0.0,0.0,0.0,0.0,1.0,0.0,0.0,0.0,0.0,0.0,0.0,0.0,1.0,0.0,0.0,0.0,1.0,0.0,0.0,0.0,0.0,0.0,0.0,0,0,0,0,0,0,0,1,0,0,0,0,0,0,0,1,0,0,0,0,0,0
76,FNT076,Teri balado,Tidak,Ikan,Makanan Berat,Goreng,25.8,365,23.7,22.3,17.5,0.0,10.9,869.0,348.0,4.0,0.0,0.0,0.0,0.0,27.0,0.0,1.567,0.13,0.0,0.0,0.0,100,Olahan,Ikan dsb,KZGPI01990,0,0,3,0,2,1.0,0.0,1.0,0.0,0.0,0.0,0.0,1.0,0.0,0.0,0.0,0.0,0.0,0.0,0.0,1.0,0.0,0.0,0.0,1.0,0.0,0.0,0.0,0.0,0.0,0.0,0,0,0,0,0,0,0,0,0,0,0,0,0,0,0,1,0,0,0,0,0,0
77,FNT077,Gulai tiram,Tidak,Ikan,Makanan Berat,Gulai,73.1,132,9.0,7.2,7.8,0.0,2.9,53.0,134.0,3.7,285.0,133.0,1.1,0.7,389.0,0.0,0.0,0.29,0.12,0.0,0.0,100,Olahan,Ikan dsb,KZGMI02001,0,0,4,0,2,1.0,0.0,1.0,0.0,0.0,0.0,0.0,0.0,1.0,0.0,0.0,0.0,0.0,0.0,0.0,1.0,0.0,0.0,0.0,1.0,0.0,0.0,0.0,0.0,0.0,0.0,0,0,0,0,0,0,0,0,0,0,0,0,0,0,0,1,0,0,0,0,0,0
78,FNT078,Gurame asem manis,Tidak,Ikan,Makanan Berat,Goreng,63.1,192,12.7,10.1,12.7,0.0,2.4,283.0,169.0,1.1,0.0,0.0,0.0,0.0,19.0,0.0,1.44,0.1,0.0,0.0,0.0,100,Olahan,Ikan dsb,KZGPI01990,0,0,3,0,2,1.0,0.0,1.0,0.0,0.0,0.0,0.0,1.0,0.0,0.0,0.0,0.0,0.0,0.0,0.0,1.0,0.0,0.0,0.0,1.0,0.0,0.0,0.0,0.0,0.0,0.0,0,0,0,0,0,0,0,0,0,0,0,0,0,0,0,1,0,0,0,0,0,0
79,FNT079,Ikan asar merah,Tidak,Ikan,Makanan Berat,Panggang,69.2,146,17.7,5.9,5.6,0.0,1.6,100.0,240.0,4.0,170.0,310.0,0.3,1.4,224.0,0.0,0.0,0.0,0.0,0.0,0.0,100,Olahan,Ikan dsb,KZGMI02001,0,0,7,0,2,1.0,0.0,1.0,0.0,0.0,0.0,0.0,0.0,0.0,0.0,0.0,1.0,0.0,0.0,0.0,1.0,0.0,0.0,0.0,1.0,0.0,0.0,0.0,0.0,0.0,0.0,0,0,0,0,0,0,0,0,0,0,0,0,0,0,0,1,0,0,0,0,0,0
80,FNT080,Saboko gurita,Tidak,Ikan,Makanan Berat,Panggang,76.2,87,15.7,1.5,2.6,0.0,4.1,60.0,14.0,2.1,200.0,180.0,0.9,4.0,38.0,0.0,0.0,0.0,0.0,0.0,0.0,100,Olahan,Ikan dsb,KZGMI02001,0,0,7,0,2,1.0,0.0,1.0,0.0,0.0,0.0,0.0,0.0,0.0,0.0,0.0,1.0,0.0,0.0,0.0,1.0,0.0,0.0,0.0,1.0,0.0,0.0,0.0,0.0,0.0,0.0,0,0,0,0,0,0,0,0,0,0,0,0,0,0,0,1,0,0,0,0,0,0
81,FNT081,Saboko saltan,Tidak,Ikan,Makanan Berat,Panggang,76.0,113,17.1,3.6,3.0,0.0,0.3,240.0,60.0,0.5,40.0,350.0,0.2,0.6,27.0,0.0,0.0,0.0,0.0,0.1,0.0,100,Olahan,Ikan dsb,KZGMI02001,0,0,7,0,2,1.0,0.0,1.0,0.0,0.0,0.0,0.0,0.0,0.0,0.0,0.0,1.0,0.0,0.0,0.0,1.0,0.0,0.0,0.0,1.0,0.0,0.0,0.0,0.0,0.0,0.0,0,0,0,0,0,0,0,0,0,0,0,0,0,0,0,1,0,0,0,0,0,0
82,FNT082,Saboko sardin,Tidak,Ikan,Makanan Berat,Panggang,70.0,110,12.9,4.3,4.9,0.0,7.9,220.0,520.0,6.0,200.0,280.0,0.2,3.9,37.0,0.0,0.0,0.0,0.0,0.0,0.0,100,Olahan,Ikan dsb,KZGMI02001,0,0,7,0,2,1.0,0.0,1.0,0.0,0.0,0.0,0.0,0.0,0.0,0.0,0.0,1.0,0.0,0.0,0.0,1.0,0.0,0.0,0.0,1.0,0.0,0.0,0.0,0.0,0.0,0.0,0,0,0,0,0,0,0,0,0,0,0,0,0,0,0,1,0,0,0,0,0,0
83,FNT083,Gulai asam keueung,Tidak,Ikan,Makanan Berat,Gulai,86.0,52,10.0,0.5,1.8,0.0,1.7,62.0,102.0,0.3,332.0,141.0,0.0,1.0,0.0,0.0,0.0,0.18,0.34,0.0,0.0,100,Olahan,Ikan dsb,KZGMI02001,0,0,4,0,2,1.0,0.0,1.0,0.0,0.0,0.0,0.0,0.0,1.0,0.0,0.0,0.0,0.0,0.0,0.0,1.0,0.0,0.0,0.0,1.0,0.0,0.0,0.0,0.0,0.0,0.0,0,0,0,0,0,0,0,0,0,0,0,0,0,0,0,1,0,0,0,0,0,0
84,FNT084,Gulai keumamah,Tidak,Ikan,Makanan Berat,Gulai,81.4,110,5.9,8.2,3.2,0.0,1.3,32.0,96.0,1.0,335.0,121.0,0.2,0.9,0.0,0.0,0.0,0.33,0.04,0.0,0.0,100,Olahan,Ikan dsb,KGZMI02001,0,0,4,0,2,1.0,0.0,1.0,0.0,0.0,0.0,0.0,0.0,1.0,0.0,0.0,0.0,0.0,0.0,0.0,1.0,0.0,0.0,0.0,1.0,0.0,0.0,0.0,0.0,0.0,0.0,0,0,0,0,0,0,0,0,0,0,0,0,0,0,0,1,0,0,0,0,0,0
85,FNT085,Biskuit,Ya,Tepung,Makanan Ringan,Panggang,2.2,458,6.9,14.4,75.1,2.1,1.4,62.0,87.0,2.7,241.0,20.3,0.16,0.6,0.0,14.0,0.0,0.09,0.15,1.4,0.0,100,Olahan,Serealia,DABM01964,1,1,7,0,5,0.0,1.0,0.0,1.0,0.0,0.0,0.0,0.0,0.0,0.0,0.0,1.0,0.0,0.0,0.0,1.0,0.0,0.0,0.0,0.0,0.0,0.0,1.0,0.0,0.0,0.0,0,0,0,0,0,0,0,0,0,0,0,0,0,0,0,0,0,0,0,0,1,0
86,FNT086,Bakpia,Tidak,Tepung,Makanan Ringan,Panggang,38.9,272,8.7,6.7,44.1,0.9,1.6,194.0,117.0,4.5,0.0,0.0,0.0,0.0,0.0,0.0,1.392,0.31,1.0,2.9,0.0,100,Olahan,Serealia,KZGPI01990,0,1,7,0,5,1.0,0.0,0.0,1.0,0.0,0.0,0.0,0.0,0.0,0.0,0.0,1.0,0.0,0.0,0.0,1.0,0.0,0.0,0.0,0.0,0.0,0.0,1.0,0.0,0.0,0.0,0,0,0,0,0,0,0,0,0,0,0,0,0,0,0,0,0,0,0,0,1,0
87,FNT087,Bakwan,Ya,Tepung,Makanan Ringan,Goreng,40.5,280,8.2,10.2,39.0,3.4,2.1,204.0,79.0,7.0,0.0,0.0,0.0,0.0,0.0,0.0,0.0,0.08,0.0,0.0,0.0,100,Olahan,Serealia,KZGPI01990,1,1,3,0,5,0.0,1.0,0.0,1.0,0.0,0.0,0.0,1.0,0.0,0.0,0.0,0.0,0.0,0.0,0.0,1.0,0.0,0.0,0.0,0.0,0.0,0.0,1.0,0.0,0.0,0.0,0,0,0,0,0,0,0,0,0,0,0,0,0,0,0,0,0,0,0,0,1,0
88,FNT088,Dodol bali,Tidak,Beras,Makanan Ringan,Rebus,26.5,298,3.7,2.1,65.9,0.4,1.8,70.0,76.0,2.5,0.0,0.0,0.0,0.0,0.0,0.0,496.0,0.28,0.0,2.5,0.0,100,Olahan,Serealia,KZGPI01990,0,1,9,0,5,1.0,0.0,0.0,1.0,0.0,0.0,0.0,0.0,0.0,0.0,0.0,0.0,0.0,1.0,0.0,1.0,0.0,0.0,0.0,0.0,0.0,0.0,1.0,0.0,0.0,0.0,0,0,0,0,0,0,0,0,1,0,0,0,0,0,0,0,0,0,0,0,0,0
89,FNT089,Dodol galamai,Tidak,Beras,Makanan Ringan,Rebus,16.5,348,0.4,3.8,76.1,0.5,1.2,41.0,144.0,2.6,38.0,76.0,0.3,2.1,0.0,0.0,0.0,0.03,0.06,1.8,0.0,100,Olahan,Serealia,KZGMI02001,0,1,9,0,5,1.0,0.0,0.0,1.0,0.0,0.0,0.0,0.0,0.0,0.0,0.0,0.0,0.0,1.0,0.0,1.0,0.0,0.0,0.0,0.0,0.0,0.0,1.0,0.0,0.0,0.0,0,0,0,0,0,0,0,0,1,0,0,0,0,0,0,0,0,0,0,0,0,0
90,FNT090,Dodol kedondong,Tidak,Beras,Makanan Ringan,Rebus,26.4,331,1.9,7.6,63.8,1.0,0.4,90.0,55.0,2.3,0.0,0.0,0.0,0.0,0.0,0.0,408.0,0.11,0.0,0.8,5.0,100,Olahan,Serealia,KZGPI01990,0,1,9,0,5,1.0,0.0,0.0,1.0,0.0,0.0,0.0,0.0,0.0,0.0,0.0,0.0,0.0,1.0,0.0,1.0,0.0,0.0,0.0,0.0,0.0,0.0,1.0,0.0,0.0,0.0,0,0,0,0,0,0,0,0,1,0,0,0,0,0,0,0,0,0,0,0,0,0
91,FNT091,Dodol manado,Tidak,Beras,Makanan Ringan,Rebus,26.1,373,4.3,16.5,51.9,0.4,1.2,41.0,142.0,2.4,35.0,72.0,0.3,2.1,0.0,0.0,0.0,0.04,0.06,2.1,0.0,100,Olahan,Serealia,KZGMI02001,0,1,9,0,5,1.0,0.0,0.0,1.0,0.0,0.0,0.0,0.0,0.0,0.0,0.0,0.0,0.0,1.0,0.0,1.0,0.0,0.0,0.0,0.0,0.0,0.0,1.0,0.0,0.0,0.0,0,0,0,0,0,0,0,0,1,0,0,0,0,0,0,0,0,0,0,0,0,0
92,FNT092,Roti putih,Ya,Tepung,Makanan Berat,Panggang,40.0,248,8.0,1.2,50.0,9.1,0.8,10.0,95.0,1.5,530.0,91.0,0.15,0.9,0.0,0.0,0.0,0.1,0.29,2.4,0.0,100,Olahan,Serealia,DABM01964,1,0,7,0,5,0.0,1.0,1.0,0.0,0.0,0.0,0.0,0.0,0.0,0.0,0.0,1.0,0.0,0.0,0.0,1.0,0.0,0.0,0.0,0.0,0.0,0.0,1.0,0.0,0.0,0.0,0,0,0,0,0,0,0,0,0,0,0,0,0,0,0,0,0,0,0,0,1,0
93,FNT093,Apel,Tidak,Buah,Makanan Ringan,Mentah,84.1,58,0.3,0.4,14.9,2.6,0.3,6.0,10.0,0.3,2.0,130.0,124.2,0.3,0.0,30.0,90.0,0.04,0.03,0.1,5.0,88,Tunggal,Buah,DABM01964,0,1,6,1,0,1.0,0.0,0.0,1.0,0.0,0.0,0.0,0.0,0.0,0.0,1.0,0.0,0.0,0.0,0.0,0.0,1.0,1.0,0.0,0.0,0.0,0.0,0.0,0.0,0.0,0.0,0,0,0,0,0,0,0,0,0,0,1,0,0,0,0,0,0,0,0,0,0,0
94,FNT094,Semangka,Tidak,Buah,Makanan Ringan,Mentah,92.1,28,0.5,0.2,6.9,0.4,0.3,7.0,12.0,0.2,7.0,93.8,0.04,0.1,0.0,315.0,590.0,0.05,0.05,0.3,6.0,46,Tunggal,Buah,DABM01964,0,1,6,1,0,1.0,0.0,0.0,1.0,0.0,0.0,0.0,0.0,0.0,0.0,1.0,0.0,0.0,0.0,0.0,0.0,1.0,1.0,0.0,0.0,0.0,0.0,0.0,0.0,0.0,0.0,0,0,0,0,0,0,0,0,0,0,1,0,0,0,0,0,0,0,0,0,0,0
95,FNT095,Belimbing,Tidak,Buah,Makanan Ringan,Mentah,90.0,36,0.4,0.4,8.8,3.3,0.4,4.0,12.0,1.1,4.0,130.0,0.0,0.1,0.0,29.0,170.0,0.03,0.0,0.0,35.0,86,Tunggal,Buah,DABM01964,0,1,6,1,0,1.0,0.0,0.0,1.0,0.0,0.0,0.0,0.0,0.0,0.0,1.0,0.0,0.0,0.0,0.0,0.0,1.0,1.0,0.0,0.0,0.0,0.0,0.0,0.0,0.0,0.0,0,0,0,0,0,0,0,0,0,0,1,0,0,0,0,0,0,0,0,0,0,0
96,FNT096,Telur mata sapi,Ya,Telur Ayam,Makanan Berat,Goreng,0.0,240,11.0,0.0,0.0,0.0,0.0,54.0,0.0,2.7,0.0,0.0,0.0,0.0,0.0,0.0,0.0,0.4,0.0,0.0,0.0,100,Olahan,Telur,KZGPI01990,1,0,3,0,7,0.0,1.0,1.0,0.0,0.0,0.0,0.0,1.0,0.0,0.0,0.0,0.0,0.0,0.0,0.0,1.0,0.0,0.0,0.0,0.0,0.0,0.0,0.0,0.0,1.0,0.0,0,0,0,0,0,0,0,0,0,0,0,0,0,0,0,0,0,0,0,1,0,0
97,FNT097,Ayam Goreng,Tidak,Daging Ayam,Makanan Berat,Goreng,46.2,275,37.4,12.4,1.3,0.0,2.9,116.0,237.0,5.8,176.0,321.9,0.16,1.5,10.0,0.0,50.0,0.1,0.0,0.0,0.0,100,Olahan,Daging,KZGPI01990,0,0,3,0,1,1.0,0.0,1.0,0.0,0.0,0.0,0.0,1.0,0.0,0.0,0.0,0.0,0.0,0.0,0.0,1.0,0.0,0.0,1.0,0.0,0.0,0.0,0.0,0.0,0.0,0.0,0,0,0,0,0,0,0,0,0,0,0,1,0,0,0,0,0,0,0,0,0,0
98,FNT098,Ikan Lele Goreng,Tidak,Ikan,Makanan Berat,Goreng,47.5,372,7.8,36.3,3.5,0.0,4.9,289.0,295.0,5.3,0.0,0.0,0.0,0.0,64.0,0.0,12.07,0.12,0.0,0.0,0.0,100,Olahan,Ikan dsb,KZGPI01990,0,0,3,0,2,1.0,0.0,1.0,0.0,0.0,0.0,0.0,1.0,0.0,0.0,0.0,0.0,0.0,0.0,0.0,1.0,0.0,0.0,0.0,1.0,0.0,0.0,0.0,0.0,0.0,0.0,0,0,0,0,0,0,0,0,0,0,0,0,0,0,0,1,0,0,0,0,0,0
99,FNT099,Nasi,Ya,Beras,Makanan Berat,Kukus,56.7,180,3.0,0.3,39.8,0.2,0.2,25.0,27.0,0.4,1.0,38.0,0.1,0.6,0.0,0.0,0.0,0.05,0.1,2.6,0.0,100,Olahan,Serealia,KZGPI01990,1,0,5,0,5,0.0,1.0,1.0,0.0,0.0,0.0,0.0,0.0,0.0,1.0,0.0,0.0,0.0,0.0,0.0,1.0,0.0,0.0,0.0,0.0,0.0,0.0,1.0,0.0,0.0,0.0,0,0,0,0,0,0,0,0,1,0,0,0,0,0,0,0,0,0,0,0,0,0
100,FNT100,Telur dadar,Ya,Telur Ayam,Makanan Berat,Goreng,61.9,251,16.3,19.4,1.4,0.0,1.0,62.0,250.0,2.5,0.0,0.0,0.0,0.0,36.0,0.0,221.0,0.21,0.0,0.0,0.0,100,Olahan,Telur,KZGPI01990,1,0,3,0,7,0.0,1.0,1.0,0.0,0.0,0.0,0.0,1.0,0.0,0.0,0.0,0.0,0.0,0.0,0.0,1.0,0.0,0.0,0.0,0.0,0.0,0.0,0.0,0.0,1.0,0.0,0,0,0,0,0,0,0,0,0,0,0,0,0,0,0,0,0,0,0,1,0,0
101,FNT101,"Tempe kedelai murni, goreng",Ya,Kedelai,Makanan Ringan,Goreng,36.8,350,24.5,26.6,10.4,4.2,1.8,202.0,296.0,4.9,22.0,626.7,0.8,2.5,0.0,0.0,78.0,0.24,0.6,3.3,0.0,100,Olahan,Kacang,KZGPI01990,1,1,3,0,3,0.0,1.0,0.0,1.0,0.0,0.0,0.0,1.0,0.0,0.0,0.0,0.0,0.0,0.0,0.0,1.0,0.0,0.0,0.0,0.0,1.0,0.0,0.0,0.0,0.0,0.0,0,0,0,0,0,0,0,0,0,0,0,0,0,0,0,0,1,0,0,0,0,0
102,FNT102,"Ikan Papuyu, Bakar",Tidak,Ikan,Makanan Berat,Bakar,66.6,152,17.6,6.1,6.7,0.0,3.0,244.0,227.0,3.4,320.0,224.0,0.2,1.0,0.0,0.0,0.0,0.0,0.0,0.0,9.0,100,Olahan,Ikan dsb,KZGMI02001,0,0,1,0,2,1.0,0.0,1.0,0.0,0.0,1.0,0.0,0.0,0.0,0.0,0.0,0.0,0.0,0.0,0.0,1.0,0.0,0.0,0.0,1.0,0.0,0.0,0.0,0.0,0.0,0.0,0,0,0,0,0,0,0,0,0,0,0,0,0,0,0,1,0,0,0,0,0,0
103,FNT103,"Mujahir Acar Kuning, Masakan",Tidak,Ikan,Makanan Berat,Tumis,43.1,330,17.8,23.4,12.1,1.1,4.6,154.0,357.0,5.3,0.0,0.0,0.0,0.0,24.0,0.0,4.13,0.15,0.0,0.0,0.0,100,Olahan,Ikan dsb,KZGPI01990,0,0,10,0,2,1.0,0.0,1.0,0.0,0.0,0.0,0.0,0.0,0.0,0.0,0.0,0.0,0.0,0.0,1.0,1.0,0.0,0.0,0.0,1.0,0.0,0.0,0.0,0.0,0.0,0.0,0,0,0,0,0,0,0,0,0,0,0,0,0,0,0,1,0,0,0,0,0,0
104,FNT104,"Pindang Kenari, Masakan",Tidak,Ikan,Makanan Berat,Rebus,80.1,124,9.5,9.6,0.0,0.0,2.8,120.0,220.0,1.3,370.0,270.0,0.3,1.2,18.0,381.0,0.0,0.0,0.0,0.1,0.0,100,Olahan,Ikan dsb,KZGMI02001,0,0,9,0,2,1.0,0.0,1.0,0.0,0.0,0.0,0.0,0.0,0.0,0.0,0.0,0.0,0.0,1.0,0.0,1.0,0.0,0.0,0.0,1.0,0.0,0.0,0.0,0.0,0.0,0.0,0,0,0,0,0,0,0,0,0,0,0,0,0,0,0,1,0,0,0,0,0,0
105,FNT105,"Pencok Lele, Masakan",Tidak,Ikan,Makanan Berat,Goreng,47.5,372,7.8,36.3,3.5,0.0,4.9,289.0,295.0,5.3,0.0,0.0,0.0,0.0,64.0,0.0,12.07,0.12,0.0,0.0,0.0,100,Olahan,Ikan dsb,KZGPI01990,0,0,3,0,2,1.0,0.0,1.0,0.0,0.0,0.0,0.0,1.0,0.0,0.0,0.0,0.0,0.0,0.0,0.0,1.0,0.0,0.0,0.0,1.0,0.0,0.0,0.0,0.0,0.0,0.0,0,0,0,0,0,0,0,0,0,0,0,0,0,0,0,1,0,0,0,0,0,0
106,FNT106,Sate Bandeng,Tidak,Ikan,Makanan Berat,Bakar,47.1,283,12.1,16.8,20.9,2.0,3.1,118.0,186.0,1.2,543.0,199.0,0.2,0.9,0.0,2.0,0.0,0.02,0.02,0.0,0.3,82,Olahan,Ikan dsb,BKP,0,0,1,0,2,1.0,0.0,1.0,0.0,0.0,1.0,0.0,0.0,0.0,0.0,0.0,0.0,0.0,0.0,0.0,1.0,0.0,0.0,0.0,1.0,0.0,0.0,0.0,0.0,0.0,0.0,0,0,0,0,0,0,0,0,0,0,0,0,0,0,0,1,0,0,0,0,0,0
107,FNT107,Tekwan,Tidak,Ikan,Makanan Berat,Rebus,86.7,53,1.9,0.9,9.4,0.0,1.1,9.0,41.0,1.0,174.0,42.0,0.0,0.0,99.0,0.0,0.0,0.1,0.02,0.4,0.0,100,Olahan,Ikan dsb,KZGMI02001,0,0,9,0,2,1.0,0.0,1.0,0.0,0.0,0.0,0.0,0.0,0.0,0.0,0.0,0.0,0.0,1.0,0.0,1.0,0.0,0.0,0.0,1.0,0.0,0.0,0.0,0.0,0.0,0.0,0,0,0,0,0,0,0,0,0,0,0,0,0,0,0,1,0,0,0,0,0,0
108,FNT108,Gado0Gado,Tidak,Sayur,Makanan Ringan,Kukus,68.5,137,6.1,3.2,21.0,1.1,1.5,301.0,135.0,7.5,0.0,0.0,0.0,0.0,3.0,0.0,5.929,0.1,0.0,0.0,1.0,100,Olahan,Sayur,KZGPI01990,0,1,5,0,4,1.0,0.0,0.0,1.0,0.0,0.0,0.0,0.0,0.0,1.0,0.0,0.0,0.0,0.0,0.0,1.0,0.0,0.0,0.0,0.0,0.0,1.0,0.0,0.0,0.0,0.0,0,0,0,0,0,0,0,0,0,0,0,0,0,0,0,0,0,1,0,0,0,0
109,FNT109,"Gudeg, Sayur",Tidak,Sayur,Makanan Ringan,Kukus,69.2,160,3.3,9.2,16.0,2.3,2.1,62.0,55.0,12.8,0.0,0.0,0.0,0.0,0.0,0.0,166.0,0.15,0.0,0.0,0.0,100,Olahan,Sayur,KZGPI01990,0,1,5,0,4,1.0,0.0,0.0,1.0,0.0,0.0,0.0,0.0,0.0,1.0,0.0,0.0,0.0,0.0,0.0,1.0,0.0,0.0,0.0,0.0,0.0,1.0,0.0,0.0,0.0,0.0,0,0,0,0,0,0,0,0,0,0,0,0,0,0,0,0,0,1,0,0,0,0
110,FNT110,"Cap Cai, Sayur",Tidak,Sayur,Makanan Ringan,Rebus,82.7,97,5.8,6.3,4.2,0.6,1.0,287.0,89.0,1.8,405.0,0.0,0.0,0.0,45.0,0.0,1.64,0.21,0.0,0.0,1.0,100,Olahan,Sayur,KZGMS01993,0,1,9,0,4,1.0,0.0,0.0,1.0,0.0,0.0,0.0,0.0,0.0,0.0,0.0,0.0,0.0,1.0,0.0,1.0,0.0,0.0,0.0,0.0,0.0,1.0,0.0,0.0,0.0,0.0,0,0,0,0,0,0,0,0,0,0,0,0,0,0,0,0,0,1,0,0,0,0
111,FNT111,Rujak Cingur,Tidak,"Buah, Sayur",Makanan Ringan,Mentah,70.1,153,11.3,8.4,8.0,1.4,1.4,256.0,143.0,4.4,0.0,0.0,0.0,0.0,18.0,0.0,2.88,0.16,0.0,0.0,2.0,100,Olahan,Sayur,KZGPI01990,0,1,6,0,4,1.0,0.0,0.0,1.0,0.0,0.0,0.0,0.0,0.0,0.0,1.0,0.0,0.0,0.0,0.0,1.0,0.0,0.0,0.0,0.0,0.0,1.0,0.0,0.0,0.0,0.0,0,0,0,0,0,0,1,0,0,0,1,0,0,0,0,0,0,0,0,0,0,0
112,FNT112,"Ikan Sanggang, masakan",Tidak,Ikan,Makanan Berat,Goreng,42.6,240,21.7,7.7,20.7,0.0,7.3,159.0,362.0,9.8,2.041,159.0,1.5,8.8,0.0,0.0,0.0,0.51,0.02,0.0,0.0,100,Olahan,Ikan dsb,KZGMI02001,0,0,3,0,2,1.0,0.0,1.0,0.0,0.0,0.0,0.0,1.0,0.0,0.0,0.0,0.0,0.0,0.0,0.0,1.0,0.0,0.0,0.0,1.0,0.0,0.0,0.0,0.0,0.0,0.0,0,0,0,0,0,0,0,0,0,0,0,0,0,0,0,1,0,0,0,0,0,0
113,FNT113,"Dendeng Mujahir, Goreng",Tidak,Ikan,Makanan Berat,Goreng,6.5,598,74.3,26.9,9.2,0.0,13.1,1.957,1.447,7.4,0.0,0.0,0.0,0.0,18.0,0.0,25.0,0.19,0.0,0.0,0.0,100,Olahan,Ikan dsb,KZGPI01990,0,0,3,0,2,1.0,0.0,1.0,0.0,0.0,0.0,0.0,1.0,0.0,0.0,0.0,0.0,0.0,0.0,0.0,1.0,0.0,0.0,0.0,1.0,0.0,0.0,0.0,0.0,0.0,0.0,0,0,0,0,0,0,0,0,0,0,0,0,0,0,0,1,0,0,0,0,0,0
114,FNT114,"Dendeng Belut, Goreng",Tidak,Ikan,Makanan Berat,Goreng,8.2,382,55.7,14.1,8.0,0.0,14.0,1.069,654.0,15.4,0.0,0.0,0.0,0.0,28.0,0.0,1.48,0.48,0.0,0.0,0.0,100,Olahan,Ikan dsb,KZGPI01990,0,0,3,0,2,1.0,0.0,1.0,0.0,0.0,0.0,0.0,1.0,0.0,0.0,0.0,0.0,0.0,0.0,0.0,1.0,0.0,0.0,0.0,1.0,0.0,0.0,0.0,0.0,0.0,0.0,0,0,0,0,0,0,0,0,0,0,0,0,0,0,0,1,0,0,0,0,0,0
115,FNT115,Fillet O-Fish,Tidak,Ikan,Makanan Berat,Goreng,51.0,270,12.3,15.9,19.3,0.2,1.5,239.0,272.0,1.8,439.0,0.0,0.0,0.0,34.0,0.0,580.0,0.59,0.0,0.0,0.0,100,Olahan,Ikan dsb,KZGMS01993,0,0,3,0,2,1.0,0.0,1.0,0.0,0.0,0.0,0.0,1.0,0.0,0.0,0.0,0.0,0.0,0.0,0.0,1.0,0.0,0.0,0.0,1.0,0.0,0.0,0.0,0.0,0.0,0.0,0,0,0,0,0,0,0,0,0,0,0,0,0,0,0,1,0,0,0,0,0,0
116,FNT116,Sardines dalam kaleng,Ya,Ikan,Makanan Berat,Tumis,47.1,338,21.1,27.0,1.0,0.0,3.8,354.0,434.0,3.5,0.0,0.0,0.0,0.0,76.0,0.0,0.0,0.1,0.0,0.0,0.0,100,Olahan,Ikan dsb,DABM060/64,1,0,10,0,2,0.0,1.0,1.0,0.0,0.0,0.0,0.0,0.0,0.0,0.0,0.0,0.0,0.0,0.0,1.0,1.0,0.0,0.0,0.0,1.0,0.0,0.0,0.0,0.0,0.0,0.0,0,0,0,0,0,0,0,0,0,0,0,0,0,0,0,1,0,0,0,0,0,0
117,FNT117,"Gulai Ikan Paya, Masakan",Tidak,Ikan,Makanan Ringan,Tumis,72.1,148,10.0,9.8,5.0,0.0,3.1,103.0,82.0,0.7,525.0,256.0,0.1,0.9,0.0,0.0,0.0,0.26,0.02,0.0,0.0,100,Olahan,Ikan dsb,KZGMI02001,0,1,10,0,2,1.0,0.0,0.0,1.0,0.0,0.0,0.0,0.0,0.0,0.0,0.0,0.0,0.0,0.0,1.0,1.0,0.0,0.0,0.0,1.0,0.0,0.0,0.0,0.0,0.0,0.0,0,0,0,0,0,0,0,0,0,0,0,0,0,0,0,1,0,0,0,0,0,0
118,FNT118,Es Krim,Ya,Susu,Makanan Berat,Beku,62.1,210,4.0,12.5,20.6,0.0,0.8,123.0,99.0,0.1,78.0,193.4,0.0,0.7,158.0,0.2,0.0,0.04,0.23,0.1,1.0,100,Olahan,Susu,DABM01964,1,0,2,0,6,0.0,1.0,1.0,0.0,0.0,0.0,1.0,0.0,0.0,0.0,0.0,0.0,0.0,0.0,0.0,1.0,0.0,0.0,0.0,0.0,0.0,0.0,0.0,1.0,0.0,0.0,0,0,0,0,0,0,0,0,0,0,0,0,0,0,0,0,0,0,1,0,0,0
119,FNT119,"Ayam Taliwang, Masakan",Tidak,Daging Ayam,Makanan Berat,Goreng,57.5,264,18.2,20.1,2.7,0.0,1.5,94.0,164.0,2.0,507.0,408.0,0.4,12.3,1.067,0.0,0.0,0.0,0.0,0.0,0.0,100,Olahan,Daging,KZGMI02001,0,0,3,0,1,1.0,0.0,1.0,0.0,0.0,0.0,0.0,1.0,0.0,0.0,0.0,0.0,0.0,0.0,0.0,1.0,0.0,0.0,1.0,0.0,0.0,0.0,0.0,0.0,0.0,0.0,0,0,0,0,0,0,0,0,0,0,0,1,0,0,0,0,0,0,0,0,0,0
120,FNT120,Gulai Kambing,Tidak,Daging Kambing,Makanan Berat,Tumis,78.4,126,4.2,9.4,6.2,0.0,1.8,45.0,73.0,1.3,302.0,138.0,0.2,1.1,151.0,0.0,0.0,0.13,0.01,0.0,0.0,100,Olahan,Daging,KZGMI02001,0,0,10,0,1,1.0,0.0,1.0,0.0,0.0,0.0,0.0,0.0,0.0,0.0,0.0,0.0,0.0,0.0,1.0,1.0,0.0,0.0,1.0,0.0,0.0,0.0,0.0,0.0,0.0,0.0,0,0,0,0,0,0,0,0,0,0,0,0,0,1,0,0,0,0,0,0,0,0
121,FNT121,"Kelapa Muda Daging, Segar",Tidak,Buah,Makanan Ringan,Mentah,83.3,68,1.0,0.9,14.0,0.0,0.8,7.0,30.0,1.0,18.0,564.6,0.14,0.4,0.0,0.0,0.0,0.06,0.02,0.6,4.0,53,Tunggal,Buah,DABM01964,0,1,6,1,0,1.0,0.0,0.0,1.0,0.0,0.0,0.0,0.0,0.0,0.0,1.0,0.0,0.0,0.0,0.0,0.0,1.0,1.0,0.0,0.0,0.0,0.0,0.0,0.0,0.0,0.0,0,0,0,0,0,0,0,0,0,0,1,0,0,0,0,0,0,0,0,0,0,0
122,FNT122,"Kedondong, Segar",Tidak,Buah,Makanan Ringan,Mentah,87.8,47,0.5,0.2,10.4,2.7,0.6,7.0,58.0,0.8,2.0,0.0,0.0,0.2,0.0,167.0,0.0,0.07,0.04,0.4,32.0,58,Tunggal,Buah,KZGMI02001,0,1,6,1,0,1.0,0.0,0.0,1.0,0.0,0.0,0.0,0.0,0.0,0.0,1.0,0.0,0.0,0.0,0.0,0.0,1.0,1.0,0.0,0.0,0.0,0.0,0.0,0.0,0.0,0.0,0,0,0,0,0,0,0,0,0,0,1,0,0,0,0,0,0,0,0,0,0,0
123,FNT123,"Langsat, Segar",Tidak,Buah,Makanan Ringan,Mentah,84.1,56,0.9,0.2,14.3,1.4,0.5,17.0,24.0,1.1,1.0,232.0,0.09,0.2,0.0,0.0,0.0,0.07,0.0,0.8,9.0,64,Tunggal,Buah,DABM01964,0,1,6,1,0,1.0,0.0,0.0,1.0,0.0,0.0,0.0,0.0,0.0,0.0,1.0,0.0,0.0,0.0,0.0,0.0,1.0,1.0,0.0,0.0,0.0,0.0,0.0,0.0,0.0,0.0,0,0,0,0,0,0,0,0,0,0,1,0,0,0,0,0,0,0,0,0,0,0
124,FNT124,"Lemon ,Segar",Tidak,Buah,Makanan Ringan,Mentah,92.2,34,0.5,0.8,6.2,0.1,0.3,23.0,20.0,0.3,31.0,140.0,0.1,0.2,0.0,0.0,0.0,0.09,0.12,0.3,50.0,100,Tunggal,Buah,KZGMI02001,0,1,6,1,0,1.0,0.0,0.0,1.0,0.0,0.0,0.0,0.0,0.0,0.0,1.0,0.0,0.0,0.0,0.0,0.0,1.0,1.0,0.0,0.0,0.0,0.0,0.0,0.0,0.0,0.0,0,0,0,0,0,0,0,0,0,0,1,0,0,0,0,0,0,0,0,0,0,0
125,FNT125,"Mangga, Segar",Tidak,Buah,Makanan Ringan,Mentah,86.6,52,0.7,0.0,12.3,1.6,0.2,20.0,16.0,1.0,3.0,140.0,0.33,0.0,0.0,316.0,0.0,0.03,0.01,0.3,12.0,65,Tunggal,Buah,KZGMI02001,0,1,6,1,0,1.0,0.0,0.0,1.0,0.0,0.0,0.0,0.0,0.0,0.0,1.0,0.0,0.0,0.0,0.0,0.0,1.0,1.0,0.0,0.0,0.0,0.0,0.0,0.0,0.0,0.0,0,0,0,0,0,0,0,0,0,0,1,0,0,0,0,0,0,0,0,0,0,0
126,FNT126,"Manggis, Segar",Tidak,Buah,Makanan Ringan,Mentah,83.0,63,0.6,0.6,15.6,1.5,0.2,8.0,12.0,0.8,10.0,61.9,0.1,0.1,0.0,0.0,0.0,0.03,0.03,0.3,5.0,29,Tunggal,Buah,DABM01964,0,1,6,1,0,1.0,0.0,0.0,1.0,0.0,0.0,0.0,0.0,0.0,0.0,1.0,0.0,0.0,0.0,0.0,0.0,1.0,1.0,0.0,0.0,0.0,0.0,0.0,0.0,0.0,0.0,0,0,0,0,0,0,0,0,0,0,1,0,0,0,0,0,0,0,0,0,0,0
127,FNT127,"Markisa, Segar",Tidak,Buah,Makanan Ringan,Mentah,64.7,144,3.5,1.2,29.8,11.4,0.8,27.0,203.0,1.4,37.0,453.8,0.11,0.1,0.0,969.0,691.0,0.02,0.17,2.0,10.0,48,Tunggal,Buah,KZGPI01990,0,1,6,1,0,1.0,0.0,0.0,1.0,0.0,0.0,0.0,0.0,0.0,0.0,1.0,0.0,0.0,0.0,0.0,0.0,1.0,1.0,0.0,0.0,0.0,0.0,0.0,0.0,0.0,0.0,0,0,0,0,0,0,0,0,0,0,1,0,0,0,0,0,0,0,0,0,0,0
128,FNT128,"Melon, Segar",Tidak,Buah,Makanan Ringan,Mentah,90.8,37,0.6,0.4,7.8,1.0,0.5,12.0,14.0,0.4,167.0,167.0,0.3,0.1,0.0,1.0,0.0,0.02,0.1,0.0,0.2,58,Tunggal,Buah,BKP,0,1,6,1,0,1.0,0.0,0.0,1.0,0.0,0.0,0.0,0.0,0.0,0.0,1.0,0.0,0.0,0.0,0.0,0.0,1.0,1.0,0.0,0.0,0.0,0.0,0.0,0.0,0.0,0.0,0,0,0,0,0,0,0,0,0,0,1,0,0,0,0,0,0,0,0,0,0,0
129,FNT129,"Nanas, Segar",Tidak,Buah,Makanan Ringan,Mentah,88.9,40,0.6,0.3,9.9,0.6,0.3,22.0,14.0,0.9,18.0,111.0,0.03,0.1,0.0,17.0,90.0,0.02,0.04,0.2,22.0,53,Tunggal,Buah,KZGPI01990,0,1,6,1,0,1.0,0.0,0.0,1.0,0.0,0.0,0.0,0.0,0.0,0.0,1.0,0.0,0.0,0.0,0.0,0.0,1.0,1.0,0.0,0.0,0.0,0.0,0.0,0.0,0.0,0.0,0,0,0,0,0,0,0,0,0,0,1,0,0,0,0,0,0,0,0,0,0,0
130,FNT130,Jambu Biji,Tidak,Buah,Makanan Ringan,Mentah,86.0,49,0.9,0.3,12.2,2.4,0.6,14.0,28.0,1.1,10.0,52.8,0.02,0.3,0.0,27.0,25.0,0.02,0.03,0.8,87.0,82,Tunggal,Buah,DABM01964,0,1,6,1,0,1.0,0.0,0.0,1.0,0.0,0.0,0.0,0.0,0.0,0.0,1.0,0.0,0.0,0.0,0.0,0.0,1.0,1.0,0.0,0.0,0.0,0.0,0.0,0.0,0.0,0.0,0,0,0,0,0,0,0,0,0,0,1,0,0,0,0,0,0,0,0,0,0,0
131,FNT131,Jeruk Bali,Tidak,Buah,Makanan Ringan,Mentah,86.3,48,0.6,0.2,12.4,0.8,0.5,23.0,27.0,0.5,21.0,366.1,171.25,0.1,0.0,33.0,20.0,0.04,0.0,0.4,43.0,62,Tunggal,Buah,DABM01964,0,1,6,1,0,1.0,0.0,0.0,1.0,0.0,0.0,0.0,0.0,0.0,0.0,1.0,0.0,0.0,0.0,0.0,0.0,1.0,1.0,0.0,0.0,0.0,0.0,0.0,0.0,0.0,0.0,0,0,0,0,0,0,0,0,0,0,1,0,0,0,0,0,0,0,0,0,0,0
132,FNT132,"Pepaya, Segar",Tidak,Buah,Makanan Ringan,Mentah,86.7,46,0.5,12.0,12.2,1.6,0.6,23.0,12.0,1.7,4.0,221.0,0.02,0.3,0.0,1.038,365.0,0.04,0.06,0.4,78.0,75,Tunggal,Buah,DABM01964,0,1,6,1,0,1.0,0.0,0.0,1.0,0.0,0.0,0.0,0.0,0.0,0.0,1.0,0.0,0.0,0.0,0.0,0.0,1.0,1.0,0.0,0.0,0.0,0.0,0.0,0.0,0.0,0.0,0,0,0,0,0,0,0,0,0,0,1,0,0,0,0,0,0,0,0,0,0,0
133,FNT133,Pisang Ambon,Tidak,Buah,Makanan Ringan,Mentah,72.9,108,1.0,0.8,24.3,1.9,1.0,20.0,30.0,0.2,10.0,0.0,0.2,0.2,0.0,37.0,0.0,0.05,0.11,0.1,9.0,75,Tunggal,Buah,KZGMI02001,0,1,6,1,0,1.0,0.0,0.0,1.0,0.0,0.0,0.0,0.0,0.0,0.0,1.0,0.0,0.0,0.0,0.0,0.0,1.0,1.0,0.0,0.0,0.0,0.0,0.0,0.0,0.0,0.0,0,0,0,0,0,0,0,0,0,0,1,0,0,0,0,0,0,0,0,0,0,0
134,FNT134,Rambutan Segar,Tidak,Buah,Makanan Ringan,Mentah,80.5,69,0.9,0.1,18.1,0.8,0.4,16.0,16.0,0.5,16.0,104.2,0.17,0.1,0.0,0.0,0.0,0.0,0.07,0.5,58.0,40,Tunggal,Buah,DABM01964,0,1,6,1,0,1.0,0.0,0.0,1.0,0.0,0.0,0.0,0.0,0.0,0.0,1.0,0.0,0.0,0.0,0.0,0.0,1.0,1.0,0.0,0.0,0.0,0.0,0.0,0.0,0.0,0.0,0,0,0,0,0,0,0,0,0,0,1,0,0,0,0,0,0,0,0,0,0,0
135,FNT135,Salak,Tidak,Buah,Makanan Ringan,Mentah,78.0,77,0.4,0.0,20.9,0.0,0.7,28.0,18.0,4.2,0.0,0.0,0.08,0.2,0.0,48.0,0.0,0.04,0.0,0.0,2.0,93,Tunggal,Buah,DABM01964,0,1,6,1,0,1.0,0.0,0.0,1.0,0.0,0.0,0.0,0.0,0.0,0.0,1.0,0.0,0.0,0.0,0.0,0.0,1.0,1.0,0.0,0.0,0.0,0.0,0.0,0.0,0.0,0.0,0,0,0,0,0,0,0,0,0,0,1,0,0,0,0,0,0,0,0,0,0,0
136,FNT136,"Sirsak, Segar",Tidak,Buah,Makanan Ringan,Mentah,81.7,65,1.0,0.3,16.3,3.2,0.7,14.0,27.0,0.6,2.0,298.9,0.08,1.0,0.0,8.0,10.0,0.07,0.08,0.7,20.0,68,Tunggal,Buah,DABM01964,0,1,6,1,0,1.0,0.0,0.0,1.0,0.0,0.0,0.0,0.0,0.0,0.0,1.0,0.0,0.0,0.0,0.0,0.0,1.0,1.0,0.0,0.0,0.0,0.0,0.0,0.0,0.0,0.0,0,0,0,0,0,0,0,0,0,0,1,0,0,0,0,0,0,0,0,0,0,0
137,FNT137,"Srikaya, Segar",Tidak,Buah,Makanan Ringan,Mentah,83.4,63,1.1,0.5,13.9,2.1,1.1,127.0,30.0,2.7,0.0,0.0,0.0,0.0,0.0,0.0,31.0,0.08,0.0,0.0,28.0,48,Tunggal,Buah,KZGPI01990,0,1,6,1,0,1.0,0.0,0.0,1.0,0.0,0.0,0.0,0.0,0.0,0.0,1.0,0.0,0.0,0.0,0.0,0.0,1.0,1.0,0.0,0.0,0.0,0.0,0.0,0.0,0.0,0.0,0,0,0,0,0,0,0,0,0,0,1,0,0,0,0,0,0,0,0,0,0,0
138,FNT138,"Durian, Segar",Tidak,Buah,Makanan Ringan,Mentah,65.0,134,2.5,3.0,28.0,3.5,8.0,7.0,44.0,1.3,1.0,601.0,0.12,0.3,0.0,146.0,175.0,0.1,0.19,136.5,53.0,22,Tunggal,Buah,DABM01964,0,1,6,1,0,1.0,0.0,0.0,1.0,0.0,0.0,0.0,0.0,0.0,0.0,1.0,0.0,0.0,0.0,0.0,0.0,1.0,1.0,0.0,0.0,0.0,0.0,0.0,0.0,0.0,0.0,0,0,0,0,0,0,0,0,0,0,1,0,0,0,0,0,0,0,0,0,0,0
139,FNT139,Cempedak Segar,Tidak,Buah,Makanan Ringan,Mentah,67.0,116,3.0,0.4,28.6,3.4,1.0,20.0,30.0,1.5,26.0,243.7,0.0,0.0,0.0,79.0,200.0,0.0,0.0,0.5,15.0,30,Tunggal,Buah,DABM01964,0,1,6,1,0,1.0,0.0,0.0,1.0,0.0,0.0,0.0,0.0,0.0,0.0,1.0,0.0,0.0,0.0,0.0,0.0,1.0,1.0,0.0,0.0,0.0,0.0,0.0,0.0,0.0,0.0,0,0,0,0,0,0,0,0,0,0,1,0,0,0,0,0,0,0,0,0,0,0
140,FNT140,"Buah Naga Merah, Segar",Tidak,Buah,Makanan Ringan,Mentah,85.7,71,1.7,3.1,9.1,3.2,0.4,13.0,14.0,0.4,128.0,128.0,0.0,0.4,0.0,0.0,0.0,0.5,0.3,0.5,1.0,67,Tunggal,Buah,BKP,0,1,6,1,0,1.0,0.0,0.0,1.0,0.0,0.0,0.0,0.0,0.0,0.0,1.0,0.0,0.0,0.0,0.0,0.0,1.0,1.0,0.0,0.0,0.0,0.0,0.0,0.0,0.0,0.0,0,0,0,0,0,0,0,0,0,0,1,0,0,0,0,0,0,0,0,0,0,0
141,FNT141,"Duku, Segar",Tidak,Buah,Makanan Ringan,Mentah,82.0,63,1.0,0.2,16.1,4.3,0.7,18.0,9.0,0.9,2.0,147.5,0.09,0.2,0.0,0.0,0.0,0.05,0.15,1.5,9.0,64,Tunggal,Buah,DABM01964,0,1,6,1,0,1.0,0.0,0.0,1.0,0.0,0.0,0.0,0.0,0.0,0.0,1.0,0.0,0.0,0.0,0.0,0.0,1.0,1.0,0.0,0.0,0.0,0.0,0.0,0.0,0.0,0.0,0,0,0,0,0,0,0,0,0,0,1,0,0,0,0,0,0,0,0,0,0,0
142,FNT142,"Kesemek, Segar",Tidak,Buah,Makanan Ringan,Mentah,78.2,78,0.8,0.4,20.0,0.6,0.6,6.0,26.0,0.3,0.3,34.5,0.13,0.1,0.0,109.0,2.71,0.05,0.0,0.1,11.0,97,Tunggal,Buah,DABM01964,0,1,6,1,0,1.0,0.0,0.0,1.0,0.0,0.0,0.0,0.0,0.0,0.0,1.0,0.0,0.0,0.0,0.0,0.0,1.0,1.0,0.0,0.0,0.0,0.0,0.0,0.0,0.0,0.0,0,0,0,0,0,0,0,0,0,0,1,0,0,0,0,0,0,0,0,0,0,0
143,FNT143,"Blewah, Segar",Tidak,Buah,Makanan Ringan,Mentah,90.2,34,0.8,0.2,8.2,0.9,0.7,9.0,15.0,0.2,16.0,267.0,0.04,0.2,0.0,2.029,0.0,0.04,0.02,0.7,37.0,100,Tunggal,Buah,TGMF02006,0,1,6,1,0,1.0,0.0,0.0,1.0,0.0,0.0,0.0,0.0,0.0,0.0,1.0,0.0,0.0,0.0,0.0,0.0,1.0,1.0,0.0,0.0,0.0,0.0,0.0,0.0,0.0,0.0,0,0,0,0,0,0,0,0,0,0,1,0,0,0,0,0,0,0,0,0,0,0
144,FNT144,Bihun Goreng Instan,Ya,Tepung,Makanan Berat,Goreng,9.0,381,6.1,3.9,80.3,0.0,0.7,266.0,151.0,2.9,928.0,0.0,0.0,0.0,58.0,0.0,400.0,0.37,0.0,0.0,0.0,100,Olahan,Serealia,KZGMS01993,1,0,3,0,5,0.0,1.0,1.0,0.0,0.0,0.0,0.0,1.0,0.0,0.0,0.0,0.0,0.0,0.0,0.0,1.0,0.0,0.0,0.0,0.0,0.0,0.0,1.0,0.0,0.0,0.0,0,0,0,0,0,0,0,0,0,0,0,0,0,0,0,0,0,0,0,0,1,0
145,FNT145,Bika Ambon,Tidak,Tepung,Makanan Ringan,Kukus,51.5,199,2.1,1.5,44.4,0.3,0.6,45.0,28.0,1.8,0.0,0.0,0.0,0.0,0.0,0.0,408.0,0.1,0.0,0.0,0.0,100,Olahan,Serealia,KZGPI01990,0,1,5,0,5,1.0,0.0,0.0,1.0,0.0,0.0,0.0,0.0,0.0,1.0,0.0,0.0,0.0,0.0,0.0,1.0,0.0,0.0,0.0,0.0,0.0,0.0,1.0,0.0,0.0,0.0,0,0,0,0,0,0,0,0,0,0,0,0,0,0,0,0,0,0,0,0,1,0
146,FNT146,"Kelepon, Kue",Tidak,Tepung,Makanan Ringan,Kukus,49.6,215,3.7,3.7,41.8,1.0,1.2,232.0,45.0,3.3,0.0,0.0,0.0,0.0,0.0,0.0,872.0,0.09,0.07,0.2,0.0,100,Olahan,Serealia,KZGMI02001,0,1,5,0,5,1.0,0.0,0.0,1.0,0.0,0.0,0.0,0.0,0.0,1.0,0.0,0.0,0.0,0.0,0.0,1.0,0.0,0.0,0.0,0.0,0.0,0.0,1.0,0.0,0.0,0.0,0,0,0,0,0,0,0,0,0,0,0,0,0,0,0,0,0,0,0,0,1,0
147,FNT147,Kue Sus,Tidak,Tepung,Makanan Ringan,Kukus,56.6,221,7.5,10.2,24.8,0.0,0.9,105.0,85.0,2.5,0.0,0.0,0.0,0.0,26.0,0.0,1.3,0.12,0.0,0.0,0.0,100,Olahan,Serealia,KZGMS01993,0,1,5,0,5,1.0,0.0,0.0,1.0,0.0,0.0,0.0,0.0,0.0,1.0,0.0,0.0,0.0,0.0,0.0,1.0,0.0,0.0,0.0,0.0,0.0,0.0,1.0,0.0,0.0,0.0,0,0,0,0,0,0,0,0,0,0,0,0,0,0,0,0,0,0,0,0,1,0
148,FNT148,Martabak Mesir,Tidak,"Tepung, Telur, Daging Ayam, Daging Sapi",Makanan Berat,Goreng,40.2,278,5.1,8.6,45.0,0.0,1.1,49.0,168.0,3.4,193.0,123.0,0.2,0.9,0.0,0.0,0.0,0.0,0.0,0.0,0.0,100,Olahan,Serealia,KZGMI02001,0,0,3,0,5,1.0,0.0,1.0,0.0,0.0,0.0,0.0,1.0,0.0,0.0,0.0,0.0,0.0,0.0,0.0,1.0,0.0,0.0,0.0,0.0,0.0,0.0,1.0,0.0,0.0,0.0,1,0,0,1,0,0,0,1,0,0,0,0,0,0,0,0,0,0,0,0,1,0
149,FNT149,Mie Aceh Rebus,Tidak,"Tepung, Telur, Daging Ayam",Makanan Berat,Rebus,74.6,113,3.0,3.2,18.1,0.0,1.1,22.0,44.0,1.4,191.0,36.0,0.2,0.3,0.0,0.0,0.0,0.0,0.0,0.0,0.0,100,Olahan,Serealia,KZGMI02001,0,0,9,0,5,1.0,0.0,1.0,0.0,0.0,0.0,0.0,0.0,0.0,0.0,0.0,0.0,0.0,1.0,0.0,1.0,0.0,0.0,0.0,0.0,0.0,0.0,1.0,0.0,0.0,0.0,1,0,0,0,0,0,0,1,0,0,0,0,0,0,0,0,0,0,0,0,1,0
150,FNT150,Mie Pangsit Basah,Tidak,"Tepung, Telur, Daging Ayam",Makanan Berat,Rebus,79.2,105,5.9,4.9,9.4,0.0,0.7,208.0,48.0,2.0,530.0,0.0,0.0,0.0,25.0,0.0,620.0,0.46,0.0,0.0,0.0,100,Olahan,Serealia,KZGMS01993,0,0,9,0,5,1.0,0.0,1.0,0.0,0.0,0.0,0.0,0.0,0.0,0.0,0.0,0.0,0.0,1.0,0.0,1.0,0.0,0.0,0.0,0.0,0.0,0.0,1.0,0.0,0.0,0.0,1,0,0,0,0,0,0,1,0,0,0,0,0,0,0,0,0,0,0,0,1,0
151,FNT151,Singkong Goreng,Tidak,Umbi-umbian,Makanan Ringan,Goreng,0.0,202,1.38,7.91,31.85,1.5,0.0,0.0,0.0,0.0,281.0,217.0,0.0,0.0,0.0,0.0,0.0,0.0,0.0,0.0,0.0,100,Olahan,Umbi,0,0,1,3,0,8,1.0,0.0,0.0,1.0,0.0,0.0,0.0,1.0,0.0,0.0,0.0,0.0,0.0,0.0,0.0,1.0,0.0,0.0,0.0,0.0,0.0,0.0,0.0,0.0,0.0,1.0,0,0,0,0,0,0,0,0,0,0,0,0,0,0,0,0,0,0,0,0,0,1
