sex_new_0,sex_new_1,blood_group_new_0,blood_group_new_1,blood_group_new_2,blood_group_new_3,blood_group_new_4,blood_group_new_5,blood_group_new_6,blood_group_new_7,blood_group,username,name,sex,address,mail,Age,Body_Weight,Body_Height,Cal_Need,User_ID,sex_new,blood_group_new
0.0,1.0,0.0,0.0,0.0,0.0,0.0,0.0,1.0,0.0,O+,nsanders,Paul Sherman,M,"524 Haley Unions
New Raymondchester, SC 86398",nowens@hotmail.com,22,54.09494,160.3287,1869.114,UNT001,1,6
0.0,1.0,0.0,0.0,0.0,0.0,0.0,0.0,0.0,1.0,A+,jamesharmon,Cheryl Porter,F,"33835 Nicole Track Apt. 919
Lesliechester, WY 07772",robert92@yahoo.com,26,61.26804,154.7895,1899.845,UNT002,0,0
0.0,1.0,0.0,0.0,1.0,0.0,0.0,0.0,0.0,0.0,AB-,danielking,Michele Guzman,F,"PSC 0253, Box 3634
APO AA 71494",luis74@gmail.com,20,50.87571,156.6387,1827.612,UNT003,0,3
0.0,1.0,0.0,1.0,0.0,0.0,0.0,0.0,0.0,0.0,A-,harrisshelby,Jennifer Bennett,F,"8488 Jonathan Streets Apt. 333
Lake Jamie, SD 40429",leonardpatricia@yahoo.com,22,53.67519,155.5599,1696.03,UNT004,0,1
0.0,1.0,1.0,0.0,0.0,0.0,0.0,0.0,0.0,0.0,O-,james44,Richard Lynch,M,"4109 Hoffman Plains
South Jessica, IL 44462",gabriella33@yahoo.com,22,52.09511,157.3776,1920.971,UNT005,1,7
0.0,1.0,0.0,1.0,0.0,0.0,0.0,0.0,0.0,0.0,A+,pmcclain,Gary Reed,M,"04457 Becker Port Suite 455
West Emilyhaven, FL 04199",cherylfreeman@hotmail.com,28,55.96167,160.5099,1732.583,UNT006,1,0
0.0,1.0,0.0,0.0,0.0,0.0,0.0,0.0,0.0,1.0,AB+,kimberly04,Joseph Wright,M,"37320 Tonya Forge
North Samantha, TN 16462",ctorres@hotmail.com,25,55.1543,158.3444,1922.418,UNT007,1,2
0.0,1.0,0.0,0.0,0.0,0.0,0.0,0.0,1.0,0.0,B+,stacy00,Joseph Garner,M,"5056 Gray Freeway Apt. 784
South Laura, FM 65767",angela92@yahoo.com,27,55.73129,150.9262,1755.668,UNT008,1,4
0.0,1.0,0.0,0.0,0.0,0.0,1.0,0.0,0.0,0.0,B-,dwalker,Nancy Green,F,"2236 Jill Road
Andrewtown, WI 25745",gillespieaaron@gmail.com,36,58.79932,152.5623,2022.378,UNT009,0,5
0.0,1.0,0.0,0.0,0.0,1.0,0.0,0.0,0.0,0.0,B+,jmoore,Daniel Pena,M,"7258 Hill Estate Apt. 904
Jenniferbury, AR 52136",meganhall@gmail.com,25,59.64402,149.7687,1869.237,UNT010,1,4
0.0,1.0,0.0,0.0,0.0,0.0,0.0,1.0,0.0,0.0,O-,joshua75,David Young,M,"31256 Julie Views Apt. 294
Sullivantown, AL 29553",victoriagriffin@gmail.com,19,64.14856,154.866,1981.849,UNT011,1,7
0.0,1.0,0.0,0.0,0.0,0.0,0.0,0.0,0.0,1.0,A-,kimberly01,Desiree Rodriguez,F,"034 Jonathon Road Apt. 717
Yorkburgh, HI 59762",porterjennifer@hotmail.com,28,58.3468,158.6863,1588.823,UNT012,0,1
0.0,1.0,0.0,0.0,0.0,0.0,0.0,1.0,0.0,0.0,A-,christine07,Gregory Evans,M,"811 Kelly Trace
Melissaview, IL 76715",quinnanna@hotmail.com,18,59.27345,153.631,1713.752,UNT013,1,1
0.0,1.0,0.0,1.0,0.0,0.0,0.0,0.0,0.0,0.0,O+,millerapril,Katie Peters,F,"520 Garner Avenue
East Jonathan, MS 78359",iberry@yahoo.com,26,57.34876,156.7801,2120.844,UNT014,0,6
0.0,1.0,0.0,0.0,1.0,0.0,0.0,0.0,0.0,0.0,AB+,ubrown,Kelsey Hansen,F,"772 Rose Villages
West Nicholas, TX 53938",westpamela@gmail.com,35,58.37852,155.1531,1651.678,UNT015,0,2
0.0,1.0,0.0,0.0,0.0,0.0,0.0,1.0,0.0,0.0,B+,williamsonkatie,Deborah Smith,F,"18393 Hess Walk Apt. 346
New Paulfort, WI 87192",mcox@hotmail.com,26,52.21554,149.3569,2115.935,UNT016,0,4
0.0,1.0,0.0,0.0,0.0,1.0,0.0,0.0,0.0,0.0,A+,julia88,Kristin Hoffman,F,"396 Justin Ford Apt. 519
Lake Donaldmouth, NJ 40984",mooremark@gmail.com,11,52.28473,155.897,1966.338,UNT017,0,0
0.0,1.0,0.0,0.0,0.0,0.0,1.0,0.0,0.0,0.0,AB-,frychristopher,Amber Taylor,F,"223 Fuller Fords Suite 218
Priceland, KY 46774",christinethompson@yahoo.com,24,54.46944,154.1124,1892.266,UNT018,0,3
0.0,1.0,0.0,0.0,0.0,0.0,0.0,0.0,0.0,1.0,AB+,josephhanson,Mr. Patrick Howard,M,"Unit 1834 Box 5676
DPO AE 03018",sharonjones@hotmail.com,31,56.77282,153.5722,2100.403,UNT019,1,2
0.0,1.0,1.0,0.0,0.0,0.0,0.0,0.0,0.0,0.0,A+,donald84,Brandon Wolfe,M,"2409 Hopkins Meadow Apt. 219
New Rodney, SD 17882",thomaslaurie@yahoo.com,26,61.39541,150.9802,1910.894,UNT020,1,0
0.0,1.0,0.0,0.0,0.0,1.0,0.0,0.0,0.0,0.0,AB-,zashley,Ryan Flores,M,"5743 Rachel Street
West Brandi, NV 33559",nancy54@hotmail.com,21,63.052,164.3238,1867.767,UNT021,1,3
0.0,1.0,0.0,1.0,0.0,0.0,0.0,0.0,0.0,0.0,A-,jimmyhunter,Jesse Cohen,M,"886 Williams Hill
North Kathrynville, CA 84165",rmiller@hotmail.com,31,57.36869,162.344,1668.218,UNT022,1,1
0.0,1.0,0.0,0.0,0.0,0.0,0.0,1.0,0.0,0.0,A-,jared75,Mr. Drew Hopkins,M,"65757 Dean Hills
Chavezland, KS 98325",rfleming@hotmail.com,34,64.2536,163.3352,2074.807,UNT023,1,1
0.0,1.0,0.0,0.0,0.0,1.0,0.0,0.0,0.0,0.0,A+,tanyahaas,Savannah Smith,F,"Unit 9613 Box 6649
DPO AP 28479",stevenjohnson@hotmail.com,35,56.96031,156.6981,2237.726,UNT024,0,0
0.0,1.0,0.0,0.0,0.0,0.0,0.0,0.0,1.0,0.0,A-,timothy75,Stephanie Robinson,F,"676 Christopher Ferry
New Megan, NH 57646",adamscandice@gmail.com,27,52.37148,152.5531,1751.077,UNT025,0,1
0.0,1.0,0.0,1.0,0.0,0.0,0.0,0.0,0.0,0.0,B+,pbailey,Joseph Medina,M,"2168 Diaz Estates
West Lydiafurt, PR 85745",tuckerronald@yahoo.com,18,54.89158,154.3675,1994.21,UNT026,1,4
0.0,1.0,0.0,0.0,0.0,0.0,0.0,1.0,0.0,0.0,AB+,loriarias,Allen Day,M,"021 Amanda Divide Apt. 155
Mosleymouth, WV 97465",mistywalker@hotmail.com,23,56.13281,151.506,1950.623,UNT027,1,2
0.0,1.0,0.0,0.0,0.0,0.0,0.0,1.0,0.0,0.0,O-,dennis63,Carly Williams,F,"832 Cummings Village
West Amanda, MA 79092",elainenichols@hotmail.com,29,61.07957,157.644,1905.196,UNT028,0,7
0.0,1.0,0.0,0.0,0.0,0.0,0.0,0.0,0.0,1.0,O-,gomezmelissa,Amy Obrien,F,"869 Wood Plaza Suite 235
South Samantha, MP 06137",jeffery41@yahoo.com,20,49.1845,149.3853,2024.874,UNT029,0,7
0.0,1.0,0.0,0.0,0.0,1.0,0.0,0.0,0.0,0.0,O+,nscott,Sandra Robinson,F,"81629 Patrick Junctions Apt. 766
Hamiltonmouth, HI 85780",monique47@hotmail.com,17,62.56353,160.4293,1796.125,UNT030,0,6
0.0,1.0,0.0,1.0,0.0,0.0,0.0,0.0,0.0,0.0,AB+,samanthadavis,Andrea Harris,F,"PSC 5487, Box 8545
APO AA 48775",catherinewinters@hotmail.com,24,50.93884,154.1517,1921.966,UNT031,0,2
0.0,1.0,0.0,0.0,0.0,0.0,0.0,0.0,0.0,1.0,B-,shartman,Angelica Mitchell,F,"817 Cox Throughway
South Christianstad, UT 56434",ejohnson@hotmail.com,22,52.18229,157.1009,1532.302,UNT032,0,5
0.0,1.0,0.0,0.0,0.0,0.0,0.0,0.0,0.0,1.0,O+,xwilliamson,Gina Thomas,F,"9704 Patricia Pike
East Johnshire, AL 47522",daniel76@hotmail.com,20,51.92801,157.3101,1708.062,UNT033,0,6
0.0,1.0,0.0,0.0,0.0,0.0,0.0,1.0,0.0,0.0,B+,jeffersonmary,Gina Berry,F,"944 Hampton Harbors Suite 804
Millerburgh, KS 98541",sara33@yahoo.com,25,53.6238,150.8992,1865.103,UNT034,0,4
0.0,1.0,0.0,1.0,0.0,0.0,0.0,0.0,0.0,0.0,A-,melissasantiago,Raymond Novak,M,"Unit 7075 Box 8325
DPO AA 77124",awalsh@gmail.com,30,55.41317,154.4922,1709.221,UNT035,1,1
0.0,1.0,0.0,1.0,0.0,0.0,0.0,0.0,0.0,0.0,A-,ehull,William Harrison,M,"651 Joshua Estate Suite 821
South Geraldview, HI 30389",kmadden@gmail.com,23,58.23474,150.6072,2129.555,UNT036,1,1
0.0,1.0,1.0,0.0,0.0,0.0,0.0,0.0,0.0,0.0,A+,maxwellkyle,Christopher Lewis,M,"9765 Jonathan Mews Suite 320
West Malikstad, NC 86317",melissaramirez@gmail.com,15,52.92741,146.3193,1967.19,UNT037,1,0
0.0,1.0,0.0,0.0,0.0,0.0,0.0,0.0,0.0,1.0,B+,smithshelby,Teresa Berry,F,"USNV Johnson
FPO AE 52846",ann77@hotmail.com,25,54.76201,156.8307,2162.844,UNT038,0,4
0.0,1.0,0.0,0.0,0.0,1.0,0.0,0.0,0.0,0.0,A-,mariaparker,Robert Graham,M,"58897 Christopher Bridge Suite 454
Traciland, UT 22455",stephen54@gmail.com,25,54.60361,149.713,1868.952,UNT039,1,1
0.0,1.0,0.0,0.0,0.0,0.0,0.0,0.0,1.0,0.0,O-,anthonydickson,Mary French,F,"0459 Edward Well Apt. 471
Brianville, UT 48990",dylan17@yahoo.com,28,58.81632,155.842,1869.422,UNT040,0,7
0.0,1.0,0.0,0.0,0.0,0.0,0.0,0.0,1.0,0.0,AB-,aaroncisneros,David Murray,M,"105 Heather Mountain Suite 714
North Erin, MA 56576",gregory61@hotmail.com,26,56.74052,149.4193,2305.82,UNT041,1,3
0.0,1.0,0.0,0.0,0.0,0.0,0.0,0.0,0.0,1.0,AB-,jwilliams,Jennifer Dunlap,F,"19602 Joann Ranch
South Alexander, MA 57165",davisjennifer@hotmail.com,27,48.03321,144.1497,1972.552,UNT042,0,3
0.0,1.0,0.0,0.0,0.0,1.0,0.0,0.0,0.0,0.0,B-,gonzalezjacob,Rose Cross,F,"87421 Roger Garden Suite 810
Kerrytown, AK 01658",josephcrawford@gmail.com,26,55.41304,154.1539,1832.234,UNT043,0,5
0.0,1.0,0.0,0.0,0.0,0.0,0.0,1.0,0.0,0.0,A+,donna40,Brett Shah,M,"868 Matthew Shoals Apt. 944
New Jennifer, MT 53753",alexander12@yahoo.com,32,57.34022,148.8379,1951.612,UNT044,1,0
0.0,1.0,0.0,0.0,1.0,0.0,0.0,0.0,0.0,0.0,A+,joseph34,Bryan Murphy,M,"05202 Tabitha Locks Apt. 186
Patricialand, NJ 63794",mjacobs@hotmail.com,22,49.40561,157.1842,1981.606,UNT045,1,0
0.0,1.0,0.0,0.0,0.0,0.0,0.0,1.0,0.0,0.0,A-,joseph42,George Smith,M,"9649 Vincent Cliff Apt. 387
South Samuelshire, MN 47785",shawlisa@gmail.com,27,58.26394,147.8438,1979.005,UNT046,1,1
0.0,1.0,0.0,0.0,1.0,0.0,0.0,0.0,0.0,0.0,O+,bentonrichard,Adrian Gould,M,"9611 Montgomery Bypass
North Taylor, PA 87220",obrienrobert@yahoo.com,34,52.16727,145.7588,1746.496,UNT047,1,6
0.0,1.0,0.0,0.0,1.0,0.0,0.0,0.0,0.0,0.0,B-,usnow,Jonathan Miller,M,"802 Anderson Orchard Apt. 814
East Joseph, MP 14407",emily22@yahoo.com,26,59.24879,150.0997,1712.928,UNT048,1,5
0.0,1.0,0.0,0.0,0.0,0.0,0.0,0.0,1.0,0.0,O-,xrice,Kim Ellis,F,"356 Jennifer Fords Suite 805
Hobbsberg, MT 69912",robertsjane@hotmail.com,26,53.79512,154.583,1831.694,UNT049,0,7
0.0,1.0,0.0,0.0,1.0,0.0,0.0,0.0,0.0,0.0,O-,williamskelly,Penny Dunlap,F,"470 Velez Stream Suite 494
South Nicholas, HI 26569",robin12@yahoo.com,20,53.46132,153.3852,1713.957,UNT050,0,7
0.0,1.0,0.0,0.0,1.0,0.0,0.0,0.0,0.0,0.0,A-,samuel55,Joshua Smith III,M,"26178 Neal Green
Lake Karenchester, MN 68587",wcook@hotmail.com,30,56.52369,153.2814,1809.918,UNT051,1,1
0.0,1.0,0.0,0.0,0.0,0.0,0.0,0.0,0.0,1.0,A-,michael50,Jeffery Mitchell,M,"4881 Cynthia Estate Suite 744
Michaelville, AL 79582",xallen@gmail.com,18,60.62115,160.6852,1644.62,UNT052,1,1
0.0,1.0,0.0,0.0,0.0,0.0,0.0,1.0,0.0,0.0,A-,timothy16,Cynthia Allen,F,"71721 Claudia Corner
Port Sandra, WV 15210",stephen01@gmail.com,30,51.59057,155.8716,1718.706,UNT053,0,1
0.0,1.0,0.0,0.0,1.0,0.0,0.0,0.0,0.0,0.0,AB-,mmorrison,Jason Delgado,M,"88837 Miller Gateway
Henrychester, AR 55430",patricia49@hotmail.com,26,59.95014,157.3353,1770.715,UNT054,1,3
0.0,1.0,0.0,0.0,0.0,0.0,0.0,1.0,0.0,0.0,A+,marcia50,Kathy Hall,F,"921 Zuniga Turnpike Apt. 383
West Jasmine, IA 98594",richard63@hotmail.com,23,54.787,159.1711,2024.807,UNT055,0,0
0.0,1.0,0.0,0.0,1.0,0.0,0.0,0.0,0.0,0.0,B-,aliciaramos,Susan Anderson,F,"51856 Luis Mount
East Sheri, MN 25449",sandrahill@gmail.com,26,56.71431,150.1904,1874.82,UNT056,0,5
0.0,1.0,0.0,0.0,0.0,0.0,0.0,1.0,0.0,0.0,A-,tgreen,William Savage,M,"PSC 1860, Box 9257
APO AP 49210",shughes@yahoo.com,4,55.47832,150.2256,1616.394,UNT057,1,1
0.0,1.0,0.0,1.0,0.0,0.0,0.0,0.0,0.0,0.0,AB-,pmiller,Amanda Griffin,F,"USNV Macdonald
FPO AA 68165",figueroachristopher@gmail.com,21,57.02297,160.4995,1982.727,UNT058,0,3
0.0,1.0,0.0,0.0,0.0,0.0,0.0,1.0,0.0,0.0,AB-,smithclaire,Carlos Cox,M,"277 Oliver Isle
Samuelfurt, AR 55437",jeffreymoreno@hotmail.com,21,63.56777,150.5657,2087.717,UNT059,1,3
0.0,1.0,1.0,0.0,0.0,0.0,0.0,0.0,0.0,0.0,A-,sweeneytaylor,Rhonda Gardner,F,"47921 Brooks Hollow Apt. 240
Leefurt, NY 19678",norman86@gmail.com,18,50.3811,151.6978,1689.851,UNT060,0,1
0.0,1.0,1.0,0.0,0.0,0.0,0.0,0.0,0.0,0.0,B-,andrea81,Daniel Salinas,M,"61190 Wolf Rapids
East Cynthia, MT 30235",masonannette@gmail.com,15,55.43591,157.2947,1937.399,UNT061,1,5
0.0,1.0,1.0,0.0,0.0,0.0,0.0,0.0,0.0,0.0,B-,edward07,Sean Hayes,M,"20651 Stevens Canyon
Codyborough, AR 40046",sarah75@yahoo.com,38,52.45509,149.9689,2028.346,UNT062,1,5
0.0,1.0,0.0,0.0,0.0,0.0,1.0,0.0,0.0,0.0,A-,arivera,Randall Crane,M,"0383 Paula Stream Apt. 141
Lake Matthew, ND 84064",jillthomas@hotmail.com,20,55.35105,157.6445,1739.889,UNT063,1,1
0.0,1.0,0.0,1.0,0.0,0.0,0.0,0.0,0.0,0.0,O+,spencer33,Steven Vega,M,"2466 Richard Highway
Kevinport, MO 68588",rthomas@hotmail.com,27,59.36408,159.7756,2135.649,UNT064,1,6
0.0,1.0,0.0,0.0,0.0,1.0,0.0,0.0,0.0,0.0,O-,alisonrogers,Ann Buchanan,F,"72178 Blackburn Canyon Apt. 369
New Oscar, IL 08153",bjohnson@yahoo.com,24,63.48371,158.7329,2057.783,UNT065,0,7
0.0,1.0,0.0,1.0,0.0,0.0,0.0,0.0,0.0,0.0,AB-,tcervantes,Adam Johnson,M,"8606 Steven Turnpike
Hollyshire, PA 86075",gibsonjacob@gmail.com,33,53.4359,150.522,2054.437,UNT066,1,3
0.0,1.0,0.0,0.0,0.0,0.0,0.0,0.0,0.0,1.0,B-,xharper,Jonathan Scott,M,"562 Villa Fork
Lake Jessica, VT 09858",uyoung@gmail.com,23,55.66833,146.8746,2034.336,UNT067,1,5
0.0,1.0,0.0,1.0,0.0,0.0,0.0,0.0,0.0,0.0,A-,zevans,William Hodge,M,"46235 Baker Throughway
West Rebeccashire, IL 27650",jhall@yahoo.com,35,53.69108,156.6389,1760.482,UNT068,1,1
0.0,1.0,0.0,1.0,0.0,0.0,0.0,0.0,0.0,0.0,AB-,qthompson,Mary Evans,F,"4297 Terry Ports Apt. 218
Darrenview, MO 51168",jennifer67@yahoo.com,21,57.55228,156.5198,1997.202,UNT069,0,3
0.0,1.0,0.0,1.0,0.0,0.0,0.0,0.0,0.0,0.0,B-,russell54,Danielle Gonzales,F,"672 Anderson Lodge Suite 601
Port Melissaberg, MT 45004",rsimpson@hotmail.com,33,51.92043,147.3151,1926.217,UNT070,0,5
0.0,1.0,0.0,1.0,0.0,0.0,0.0,0.0,0.0,0.0,AB-,youngthomas,Scott Jones,M,"USNV Gardner
FPO AP 71437",joshuaherrera@hotmail.com,24,55.1971,153.4193,2096.245,UNT071,1,3
0.0,1.0,0.0,0.0,1.0,0.0,0.0,0.0,0.0,0.0,B+,matthewserik,Jody Reid,F,"593 Debra Green
Hannahland, IL 18204",gravesgregory@yahoo.com,26,57.49754,154.2308,1579.459,UNT072,0,4
0.0,1.0,0.0,0.0,0.0,0.0,1.0,0.0,0.0,0.0,A+,troy52,Lynn Adams,F,"PSC 7732, Box 9110
APO AP 42470",mitchell64@hotmail.com,21,55.68324,152.4593,1523.233,UNT073,0,0
0.0,1.0,0.0,0.0,1.0,0.0,0.0,0.0,0.0,0.0,A+,mosssuzanne,Randy Hutchinson,M,"6947 Christian Mountain Suite 278
East Brianport, TN 96594",hughesjohnny@gmail.com,24,52.83043,154.9129,1957.913,UNT074,1,0
0.0,1.0,1.0,0.0,0.0,0.0,0.0,0.0,0.0,0.0,O-,laurenramsey,Evan Rosales,M,"36137 Emily Union Suite 430
West Gregory, OR 63904",wmitchell@gmail.com,38,60.0684,156.3711,1771.753,UNT075,1,7
0.0,1.0,0.0,0.0,0.0,1.0,0.0,0.0,0.0,0.0,A-,lori45,Gregory Hale,M,"7221 Ortiz Cape
Port Tracy, RI 84518",alvarezelizabeth@hotmail.com,22,57.25056,157.5066,1839.118,UNT076,1,1
0.0,1.0,0.0,0.0,0.0,0.0,1.0,0.0,0.0,0.0,B+,kristyreilly,Christopher Stein,M,"PSC 3282, Box 5670
APO AP 46212",wellis@yahoo.com,28,59.19387,153.0666,1806.614,UNT077,1,4
0.0,1.0,0.0,1.0,0.0,0.0,0.0,0.0,0.0,0.0,AB-,rachel96,Chase Rodriguez,M,"PSC 6964, Box 3428
APO AP 70913",janet50@yahoo.com,27,59.67789,154.7561,1837.345,UNT078,1,3
0.0,1.0,0.0,0.0,0.0,0.0,0.0,0.0,1.0,0.0,O-,logandaniel,Danielle Roth,F,"3545 Laurie Drive Suite 024
Elliottport, NC 04092",madisonkane@hotmail.com,23,54.89984,161.1336,1765.11,UNT079,0,7
0.0,1.0,1.0,0.0,0.0,0.0,0.0,0.0,0.0,0.0,B-,othomas,Casey Donovan,M,"501 Martinez Garden
Port Susanmouth, OK 66214",brian14@yahoo.com,18,56.97453,150.496,1633.53,UNT080,1,5
0.0,1.0,0.0,1.0,0.0,0.0,0.0,0.0,0.0,0.0,AB+,gregorycastillo,Travis White,M,"964 Brenda Neck Apt. 589
New James, CA 19248",tmaynard@hotmail.com,31,51.77356,157.5366,1858.471,UNT081,1,2
0.0,1.0,0.0,0.0,0.0,1.0,0.0,0.0,0.0,0.0,A-,jacksonmelissa,Robert Underwood,M,"78334 Kim Islands Apt. 341
Harrybury, AK 60726",alexanderblackwell@yahoo.com,29,53.76255,155.6473,1670.085,UNT082,1,1
0.0,1.0,0.0,0.0,1.0,0.0,0.0,0.0,0.0,0.0,AB-,spencerjessica,Tammie Stephens,F,"3114 Jeremy Stream
Derekland, VT 53425",zbird@hotmail.com,32,55.62624,160.9087,1859.917,UNT083,0,3
0.0,1.0,0.0,1.0,0.0,0.0,0.0,0.0,0.0,0.0,A+,hollyreilly,Diana Paul,F,"PSC 2140, Box 5269
APO AA 65775",sclements@gmail.com,32,54.4474,158.9957,1693.167,UNT084,0,0
0.0,1.0,0.0,0.0,0.0,0.0,0.0,0.0,0.0,1.0,B-,upollard,Jose Watkins,M,"USS Brown
FPO AA 03908",ymejia@gmail.com,16,51.77819,154.9683,1959.878,UNT085,1,5
0.0,1.0,0.0,1.0,0.0,0.0,0.0,0.0,0.0,0.0,AB-,epage,Jennifer Ross,F,"45954 Ashlee Turnpike Suite 364
East Danielleshire, ME 14820",alexhaas@hotmail.com,29,58.05781,153.2527,1806.737,UNT086,0,3
0.0,1.0,0.0,0.0,0.0,0.0,0.0,1.0,0.0,0.0,O-,hsutton,Gene Austin,M,"644 Baldwin Skyway Apt. 298
West Victorialand, TN 75651",heathersanchez@gmail.com,21,57.84367,151.6067,1919.351,UNT087,1,7
1.0,0.0,0.0,0.0,0.0,1.0,0.0,0.0,0.0,0.0,B-,zpearson,Lisa Rodriguez,F,"857 Kent Road Suite 772
Anthonymouth, PA 15578",kfarley@yahoo.com,19,64.37936,154.5041,1526.323,UNT088,0,5
1.0,0.0,0.0,0.0,0.0,0.0,0.0,0.0,1.0,0.0,B-,zwagner,James Olson,M,"893 Michael Route Suite 467
Nguyenberg, PR 83760",williamgray@hotmail.com,24,63.1787,153.8961,1651.251,UNT089,1,5
1.0,0.0,0.0,1.0,0.0,0.0,0.0,0.0,0.0,0.0,AB-,garciatravis,Joseph Tran,M,"83454 Caldwell Locks Apt. 019
New Ryan, NH 60479",qblanchard@yahoo.com,19,56.35035,156.6899,2058.344,UNT090,1,3
1.0,0.0,1.0,0.0,0.0,0.0,0.0,0.0,0.0,0.0,AB+,mwilliams,Anne Lee,F,"6192 Robertson Ridge Apt. 608
Willieside, CT 01222",anthony79@yahoo.com,25,59.80741,154.165,1589.178,UNT091,0,2
1.0,0.0,0.0,0.0,0.0,0.0,0.0,1.0,0.0,0.0,B+,belinda87,Jason Wright,M,"642 Alyssa Fork
Lake Amy, TN 98824",brian90@yahoo.com,30,57.12757,156.5589,2053.433,UNT092,1,4
1.0,0.0,0.0,0.0,0.0,0.0,0.0,1.0,0.0,0.0,O+,victoriabuchanan,Timothy Harrison,M,"463 Sharp Key
Shawnburgh, PW 50967",ellismary@yahoo.com,30,52.37397,149.1486,1903.839,UNT093,1,6
1.0,0.0,0.0,0.0,0.0,1.0,0.0,0.0,0.0,0.0,O-,arthur12,Jason Rivera,M,"0185 Christopher Forges
Ashleymouth, SD 06592",ymoses@hotmail.com,30,55.50783,152.6492,1829.766,UNT094,1,7
1.0,0.0,0.0,0.0,0.0,1.0,0.0,0.0,0.0,0.0,O+,thernandez,Leslie Fitzgerald,F,"4452 Rhonda Center Apt. 290
North Michaelfurt, GA 22498",laurameyer@gmail.com,20,52.51953,156.1318,2037.903,UNT095,0,6
1.0,0.0,1.0,0.0,0.0,0.0,0.0,0.0,0.0,0.0,A-,pagelonnie,Marcus Gonzalez DVM,M,"292 Haynes Heights
Port Robertfurt, IA 73353",annalee@hotmail.com,28,55.3194,154.9624,1848.394,UNT096,1,1
1.0,0.0,1.0,0.0,0.0,0.0,0.0,0.0,0.0,0.0,A+,alvarezeric,Javier Moore,M,"99449 Shari Islands
Brianshire, NY 78179",groy@yahoo.com,29,57.78092,154.5803,1805.269,UNT097,1,0
1.0,0.0,0.0,0.0,0.0,0.0,1.0,0.0,0.0,0.0,A-,vcoleman,Vincent Miller,M,"201 Laura Inlet Suite 850
Port Beth, NE 27465",courtneyosborne@hotmail.com,12,68.86227,158.447,1605.717,UNT098,1,1
1.0,0.0,0.0,0.0,1.0,0.0,0.0,0.0,0.0,0.0,AB+,afreeman,Brian Gonzalez,M,"6826 Bell Crescent
North Joshuaberg, SD 98556",luisschmidt@yahoo.com,36,59.28823,160.5601,2012.308,UNT099,1,2
1.0,0.0,0.0,0.0,0.0,0.0,0.0,0.0,1.0,0.0,B-,herrerakara,Douglas Thomas,M,"98490 Mccullough Via
Burkebury, SD 81436",dana68@hotmail.com,23,61.3339,166.3092,2175.224,UNT100,1,5
1.0,0.0,0.0,0.0,0.0,0.0,1.0,0.0,0.0,0.0,AB+,cameronflowers,Stephanie Orr,F,"530 Roberson Circles
Collinsstad, AL 49741",yatesandre@gmail.com,22,57.20728,156.2888,1688.575,UNT101,0,2
1.0,0.0,0.0,0.0,0.0,1.0,0.0,0.0,0.0,0.0,B+,whiterebecca,Nancy Woods,F,"0917 Thompson Mountains
Natalieland, IA 11167",william33@hotmail.com,21,52.63393,152.3718,1931.711,UNT102,0,4
1.0,0.0,1.0,0.0,0.0,0.0,0.0,0.0,0.0,0.0,O-,klinetimothy,Jesus Gonzales,M,"18653 Thomas Groves Suite 735
Lake Walterside, WV 94162",rebecca97@hotmail.com,29,54.53148,154.7131,1888.123,UNT103,1,7
1.0,0.0,0.0,1.0,0.0,0.0,0.0,0.0,0.0,0.0,O-,fmurphy,Shawn Robertson,M,"871 Nicholson Expressway Apt. 604
Lake James, VT 92989",shermanjulia@yahoo.com,26,54.07383,153.5498,1842.698,UNT104,1,7
1.0,0.0,0.0,0.0,1.0,0.0,0.0,0.0,0.0,0.0,O+,vblackburn,Meghan Mathis,F,"65745 Cummings Ford Suite 824
East William, GU 02106",palmercourtney@hotmail.com,29,61.69518,157.0683,1962.371,UNT105,0,6
1.0,0.0,0.0,0.0,0.0,0.0,0.0,0.0,0.0,1.0,A-,meyerdebbie,Jay Massey,M,"18792 Mark Camp Suite 602
West Brandy, AR 84711",ncrosby@hotmail.com,35,50.96452,147.529,1733.629,UNT106,1,1
1.0,0.0,0.0,0.0,0.0,0.0,0.0,0.0,1.0,0.0,AB+,gaykenneth,Jim Miller,M,"994 Burnett View
North Chelseyfurt, KS 27700",williamhunt@hotmail.com,30,61.41701,161.6178,1859.463,UNT107,1,2
1.0,0.0,0.0,1.0,0.0,0.0,0.0,0.0,0.0,0.0,B-,monroeadrian,Jason Crane,M,"59224 Howard Estates Apt. 379
North Sheila, CO 14427",hillbrooke@hotmail.com,29,53.54741,151.4132,1469.802,UNT108,1,5
1.0,0.0,0.0,0.0,1.0,0.0,0.0,0.0,0.0,0.0,AB+,batesdesiree,Jared Wilkins,M,"7377 Terry Shoals
Marshallberg, NE 39683",cclark@yahoo.com,26,53.06446,156.2773,1645.562,UNT109,1,2
1.0,0.0,0.0,0.0,0.0,0.0,0.0,0.0,0.0,1.0,O+,lbrooks,Emily Montgomery,F,"48169 Wanda Wells Suite 327
Jasonchester, SD 71948",watsonspencer@gmail.com,22,52.18596,157.1046,1802.602,UNT110,0,6
1.0,0.0,0.0,0.0,0.0,1.0,0.0,0.0,0.0,0.0,O+,martinchristopher,Katrina Pitts,F,"35218 Keith Crest
South Robert, MH 55094",pachecomark@gmail.com,28,49.54446,154.9266,1646.722,UNT111,0,6
1.0,0.0,0.0,0.0,0.0,1.0,0.0,0.0,0.0,0.0,B-,masonrobert,Randy Singh,M,"5207 Sanchez Fields
New Sheriberg, ME 55127",brownlinda@gmail.com,11,56.38508,153.6605,2067.054,UNT112,1,5
1.0,0.0,0.0,1.0,0.0,0.0,0.0,0.0,0.0,0.0,O-,brenda09,Marcus Campbell,M,"799 Martin Corner Apt. 529
Bowenland, CA 88287",sean64@hotmail.com,18,54.8544,153.9334,1904.688,UNT113,1,7
1.0,0.0,0.0,0.0,0.0,1.0,0.0,0.0,0.0,0.0,AB+,wallen,Daniel Lopez,M,"856 Hudson Shore
North Julianside, OK 53281",chughes@gmail.com,23,53.46975,145.8423,2100.346,UNT114,1,2
1.0,0.0,1.0,0.0,0.0,0.0,0.0,0.0,0.0,0.0,AB+,karen02,James Hull,M,"276 Kristin Greens
South Scott, NC 06537",jeremy78@gmail.com,25,59.05137,152.4433,1806.451,UNT115,1,2
1.0,0.0,0.0,0.0,0.0,1.0,0.0,0.0,0.0,0.0,O+,tsims,James Fleming,M,"51363 Madden Mission
Jeffreyberg, GU 81998",pbryant@yahoo.com,10,51.12403,153.1927,1806.924,UNT116,1,6
1.0,0.0,1.0,0.0,0.0,0.0,0.0,0.0,0.0,0.0,A+,jdavis,Melissa Nguyen,F,"8116 Montoya Viaduct Suite 006
Port Scotthaven, RI 42282",justin55@gmail.com,33,59.84728,154.9566,2243.319,UNT117,0,0
1.0,0.0,0.0,0.0,0.0,1.0,0.0,0.0,0.0,0.0,AB+,wagneraustin,Robert Camacho,M,"365 Jasmine Extensions Apt. 530
Martinbury, FL 76305",oromero@yahoo.com,41,54.51149,151.5372,1910.05,UNT118,1,2
1.0,0.0,0.0,0.0,0.0,0.0,0.0,1.0,0.0,0.0,AB+,michelle50,Timothy Stokes,M,"Unit 2019 Box 8756
DPO AA 65412",nicolefisher@gmail.com,18,49.72867,142.4075,1769.737,UNT119,1,2
1.0,0.0,0.0,0.0,0.0,0.0,0.0,0.0,0.0,1.0,B-,brianmiranda,Anthony Sanchez,M,"6373 Bonilla Courts Apt. 397
Meganmouth, NC 60028",audreycopeland@yahoo.com,19,56.74513,152.8617,1889.112,UNT120,1,5
1.0,0.0,1.0,0.0,0.0,0.0,0.0,0.0,0.0,0.0,A+,courtney22,Karla Stewart,F,"50323 Mary Loaf
West John, IA 62542",zacharygray@yahoo.com,22,53.72362,152.4645,1919.106,UNT121,0,0
1.0,0.0,0.0,0.0,0.0,0.0,0.0,0.0,0.0,1.0,AB+,colleen76,Jose Gonzales,M,"971 Heather Summit
Clarkstad, MD 85480",qabbott@gmail.com,23,57.54562,149.0433,1916.505,UNT122,1,2
1.0,0.0,1.0,0.0,0.0,0.0,0.0,0.0,0.0,0.0,B-,lorigomez,Mark Jackson,M,"933 Powell River
Lake Dawnport, MA 27119",christopherwalters@gmail.com,17,49.1258,156.9044,1683.994,UNT123,1,5
1.0,0.0,0.0,0.0,0.0,0.0,1.0,0.0,0.0,0.0,AB-,keith67,Jacob Hunt,M,"740 Schwartz Lodge Suite 351
South David, WY 71629",yolanda70@yahoo.com,33,54.16752,143.7474,1650.43,UNT124,1,3
1.0,0.0,0.0,0.0,0.0,0.0,0.0,0.0,0.0,1.0,O+,millergeorge,Vickie Travis,F,"060 Sanders Pines Apt. 464
New Michaelmouth, WA 48541",dennisamy@gmail.com,27,57.89828,151.4898,1769.194,UNT125,0,6
1.0,0.0,0.0,0.0,0.0,0.0,0.0,1.0,0.0,0.0,O-,shannonmills,Tony Harding,M,"Unit 5290 Box 1041
DPO AE 11939",matthew97@gmail.com,15,58.74395,149.5949,1651.456,UNT126,1,7
1.0,0.0,0.0,0.0,0.0,1.0,0.0,0.0,0.0,0.0,A+,julie15,Lisa Evans,F,"Unit 7568 Box 3043
DPO AP 90580",ronaldmoore@hotmail.com,15,53.04533,153.8332,1747.419,UNT127,0,0
1.0,0.0,0.0,1.0,0.0,0.0,0.0,0.0,0.0,0.0,O+,ykrause,Gregory Collins,M,"8204 Buck Mountain
Gregorystad, MT 06178",odonnelllori@hotmail.com,28,54.91305,154.8369,1582.121,UNT128,1,6
1.0,0.0,0.0,0.0,0.0,0.0,0.0,0.0,0.0,1.0,O-,qharris,Rachel Blackwell,F,"9241 Rose Motorway Suite 126
Michaelshire, PW 23938",hdavis@hotmail.com,24,62.28667,159.0444,1656.204,UNT129,0,7
1.0,0.0,1.0,0.0,0.0,0.0,0.0,0.0,0.0,0.0,O+,kelly05,Robert Martinez,M,"6228 Rice Ridge Apt. 933
Hurstton, VA 77520",muellercrystal@yahoo.com,28,53.70776,153.7718,1708.217,UNT130,1,6
1.0,0.0,0.0,0.0,0.0,0.0,0.0,1.0,0.0,0.0,O-,sandra25,Dr. Danielle Ray,F,"234 Powell Club
Jaimeburgh, SD 85805",gsimmons@yahoo.com,32,56.54453,160.8256,1962.306,UNT131,0,7
1.0,0.0,0.0,0.0,0.0,1.0,0.0,0.0,0.0,0.0,AB-,thompsonvickie,Brandi Mendez,F,"19608 Shannon Vista Apt. 447
North Markton, UT 68212",susancobb@hotmail.com,18,58.2615,155.6466,1812.319,UNT132,0,3
1.0,0.0,0.0,0.0,0.0,0.0,0.0,1.0,0.0,0.0,B+,hcoleman,Christine Braun,F,"82717 Park Plaza
Karinaview, CO 88441",piercecraig@hotmail.com,36,51.21718,155.6013,1553.893,UNT133,0,4
1.0,0.0,0.0,0.0,0.0,0.0,0.0,0.0,1.0,0.0,A-,qblake,Katherine Cox,F,"8340 Danielle Run
Hoffmanburgh, DE 14978",nicolestephens@hotmail.com,26,56.17502,149.6511,1920.229,UNT134,0,1
1.0,0.0,0.0,0.0,0.0,0.0,0.0,0.0,0.0,1.0,AB-,nicholerodriguez,Katie Walker,F,"021 Bautista Passage
South Ronald, MO 03564",hollyjohns@yahoo.com,19,61.4051,156.1524,2025.216,UNT135,0,3
1.0,0.0,0.0,0.0,0.0,0.0,0.0,0.0,1.0,0.0,O+,abigail06,Rebecca Mcguire,F,"9840 Mccarthy Bridge
Lauraville, MD 05249",patrickdavis@gmail.com,38,55.26208,158.7386,1627.349,UNT136,0,6
1.0,0.0,0.0,1.0,0.0,0.0,0.0,0.0,0.0,0.0,AB-,zkirby,John Taylor,M,"5322 Andrews Gateway
South Martinfurt, VA 35182",gerald02@yahoo.com,22,57.58178,144.5797,1874.901,UNT137,1,3
1.0,0.0,0.0,0.0,0.0,0.0,0.0,0.0,0.0,1.0,O-,pwalker,Barry Dunn,M,"5310 Bradley Lodge Suite 107
East Carolynbury, GU 13539",martinamanda@gmail.com,23,55.72212,157.0388,1965.844,UNT138,1,7
1.0,0.0,0.0,1.0,0.0,0.0,0.0,0.0,0.0,0.0,A+,jonathon02,Christopher Duarte,M,"146 Hill Park Apt. 043
South Paulaland, IL 71087",brianchapman@yahoo.com,28,50.23449,152.0932,1677.391,UNT139,1,0
1.0,0.0,0.0,0.0,0.0,0.0,0.0,0.0,0.0,1.0,A-,kristensutton,Jerry Alvarez,M,"6638 Kerri Fort Apt. 385
Mariafurt, MD 80550",aaron65@hotmail.com,25,57.8069,155.3207,2073.15,UNT140,1,1
1.0,0.0,0.0,0.0,0.0,0.0,0.0,0.0,1.0,0.0,AB+,zstark,Christina Taylor,F,"USNS Allen
FPO AP 05630",rwoods@yahoo.com,22,58.41013,160.7036,1995.284,UNT141,0,2
1.0,0.0,0.0,0.0,0.0,0.0,1.0,0.0,0.0,0.0,A-,elizabeth27,Aaron Shaw,M,"54182 Roberts Trace
Pricemouth, IN 33621",geraldjordan@gmail.com,30,60.90196,161.3135,1991.934,UNT142,1,1
1.0,0.0,0.0,0.0,1.0,0.0,0.0,0.0,0.0,0.0,B-,chelseaperkins,Joel Powell,M,"40113 Nicholas Fords Suite 678
East Randallmouth, PW 19315",michellefloyd@gmail.com,20,54.351,149.6002,1971.836,UNT143,1,5
1.0,0.0,0.0,0.0,1.0,0.0,0.0,0.0,0.0,0.0,AB-,smiththeresa,Deborah Ayers,F,"Unit 2162 Box 0657
DPO AA 68078",lesliebush@hotmail.com,20,52.68276,149.7688,1697.983,UNT144,0,3
1.0,0.0,0.0,0.0,0.0,0.0,0.0,1.0,0.0,0.0,AB+,umiller,Stacey Thompson,F,"7913 Wade Village Apt. 344
South Christopherton, AR 74318",melissasmith@yahoo.com,27,59.60131,150.8076,1934.703,UNT145,0,2
1.0,0.0,0.0,0.0,0.0,0.0,0.0,0.0,1.0,0.0,O-,joan76,Christopher Green,M,"1196 Anthony Wall Suite 178
West Deborah, WV 79238",lisamiller@gmail.com,14,55.55031,158.4981,1863.714,UNT146,1,7
1.0,0.0,0.0,0.0,0.0,0.0,1.0,0.0,0.0,0.0,O-,kevin04,Craig Morse,M,"4624 Beth Inlet
Peterborough, KS 08688",adrienne45@gmail.com,25,50.16237,149.1299,2033.747,UNT147,1,7
1.0,0.0,0.0,0.0,0.0,0.0,0.0,0.0,1.0,0.0,AB-,martinburch,Megan Clark,F,"396 Scott Fork
Hartmanchester, MP 67073",dchapman@gmail.com,23,56.52465,151.9194,1516.959,UNT148,0,3
1.0,0.0,0.0,0.0,0.0,0.0,1.0,0.0,0.0,0.0,B-,nmoore,Crystal Castillo,F,"4416 Jon Trail Apt. 741
South Andrew, NJ 09207",rebecca83@gmail.com,31,56.74373,154.9659,1460.733,UNT149,0,5
1.0,0.0,0.0,0.0,1.0,0.0,0.0,0.0,0.0,0.0,A-,vandrews,Kimberly Martin,F,"703 Johnson Fort
South Jamieport, OR 94088",amandachapman@hotmail.com,29,55.77712,152.5104,1895.413,UNT150,0,1
1.0,0.0,0.0,0.0,0.0,0.0,0.0,0.0,1.0,0.0,B-,jenniferknight,Gregory Porter MD,M,"37805 Ryan Shoals
Cochranchester, MA 19474",wnelson@hotmail.com,40,55.45257,152.2287,1709.255,UNT151,1,5
